label,url
0,https://youtube.com/watch/912
1,http://free-prize-winner.ru?id=544
0,https://linkedin.com/771
1,http://free-prize-winner.ru?id=680
0,http://localhost:8080/681
1,http://update-paypal-billing.com?id=430
0,https://google.com/806
1,http://secure-verify-account.tk/login?id=962
0,http://localhost:8080/714
1,http://update-paypal-billing.com?id=725
0,https://youtube.com/watch/278
1,http://free-prize-winner.ru?id=223
0,https://google.com/530
1,http://update-paypal-billing.com?id=556
0,https://youtube.com/watch/457
1,http://secure-verify-account.tk/login?id=289
0,https://google.com/949
1,http://secure-verify-account.tk/login?id=799
0,https://google.com/400
1,http://update-paypal-billing.com?id=553
0,http://localhost:8080/449
1,http://update-paypal-billing.com?id=982
0,https://linkedin.com/465
1,http://secure-verify-account.tk/login?id=521
0,https://linkedin.com/718
1,http://update-paypal-billing.com?id=641
0,https://linkedin.com/490
1,http://update-paypal-billing.com?id=105
0,http://localhost:8080/108
1,http://secure-verify-account.tk/login?id=591
0,https://linkedin.com/687
1,http://free-prize-winner.ru?id=874
0,https://youtube.com/watch/272
1,http://secure-verify-account.tk/login?id=678
0,https://linkedin.com/262
1,http://free-prize-winner.ru?id=837
0,https://github.com/login/205
1,http://free-prize-winner.ru?id=867
0,https://google.com/851
1,http://update-paypal-billing.com?id=294
0,https://github.com/login/390
1,http://free-prize-winner.ru?id=300
0,https://linkedin.com/773
1,http://secure-verify-account.tk/login?id=771
0,https://github.com/login/927
1,http://free-prize-winner.ru?id=323
0,http://localhost:8080/417
1,http://secure-verify-account.tk/login?id=591
0,https://linkedin.com/127
1,http://free-prize-winner.ru?id=172
0,https://github.com/login/933
1,http://free-prize-winner.ru?id=295
0,https://linkedin.com/664
1,http://free-prize-winner.ru?id=104
0,https://google.com/178
1,http://secure-verify-account.tk/login?id=198
0,https://google.com/916
1,http://secure-verify-account.tk/login?id=691
0,https://google.com/984
1,http://secure-verify-account.tk/login?id=950
0,https://youtube.com/watch/552
1,http://update-paypal-billing.com?id=569
0,https://github.com/login/755
1,http://update-paypal-billing.com?id=423
0,https://github.com/login/610
1,http://secure-verify-account.tk/login?id=781
0,https://youtube.com/watch/384
1,http://secure-verify-account.tk/login?id=463
0,https://linkedin.com/221
1,http://free-prize-winner.ru?id=825
0,https://linkedin.com/227
1,http://secure-verify-account.tk/login?id=336
0,https://linkedin.com/701
1,http://free-prize-winner.ru?id=315
0,https://youtube.com/watch/439
1,http://update-paypal-billing.com?id=900
0,https://linkedin.com/497
1,http://free-prize-winner.ru?id=176
0,https://github.com/login/316
1,http://free-prize-winner.ru?id=850
0,https://linkedin.com/517
1,http://update-paypal-billing.com?id=201
0,https://linkedin.com/847
1,http://free-prize-winner.ru?id=779
0,https://google.com/872
1,http://free-prize-winner.ru?id=167
0,https://google.com/345
1,http://free-prize-winner.ru?id=574
0,https://github.com/login/513
1,http://secure-verify-account.tk/login?id=607
0,https://github.com/login/822
1,http://secure-verify-account.tk/login?id=222
0,https://youtube.com/watch/446
1,http://free-prize-winner.ru?id=711
0,https://google.com/814
1,http://free-prize-winner.ru?id=533
0,https://google.com/553
1,http://secure-verify-account.tk/login?id=338
0,https://youtube.com/watch/228
1,http://update-paypal-billing.com?id=666
0,https://linkedin.com/333
1,http://update-paypal-billing.com?id=158
0,https://github.com/login/661
1,http://update-paypal-billing.com?id=746
0,https://google.com/804
1,http://secure-verify-account.tk/login?id=250
0,https://github.com/login/268
1,http://secure-verify-account.tk/login?id=102
0,https://linkedin.com/243
1,http://update-paypal-billing.com?id=150
0,https://google.com/614
1,http://update-paypal-billing.com?id=965
0,https://youtube.com/watch/677
1,http://free-prize-winner.ru?id=732
0,http://localhost:8080/739
1,http://free-prize-winner.ru?id=526
0,https://google.com/911
1,http://update-paypal-billing.com?id=889
0,http://localhost:8080/846
1,http://secure-verify-account.tk/login?id=116
0,https://youtube.com/watch/359
1,http://free-prize-winner.ru?id=756
0,https://github.com/login/245
1,http://free-prize-winner.ru?id=747
0,https://github.com/login/820
1,http://secure-verify-account.tk/login?id=255
0,https://github.com/login/184
1,http://update-paypal-billing.com?id=625
0,https://google.com/805
1,http://secure-verify-account.tk/login?id=935
0,http://localhost:8080/589
1,http://free-prize-winner.ru?id=488
0,https://github.com/login/690
1,http://update-paypal-billing.com?id=287
0,https://youtube.com/watch/249
1,http://update-paypal-billing.com?id=927
0,https://youtube.com/watch/753
1,http://free-prize-winner.ru?id=949
0,https://google.com/325
1,http://secure-verify-account.tk/login?id=478
0,http://localhost:8080/610
1,http://update-paypal-billing.com?id=507
0,https://youtube.com/watch/724
1,http://secure-verify-account.tk/login?id=588
0,https://youtube.com/watch/524
1,http://free-prize-winner.ru?id=894
0,https://google.com/506
1,http://free-prize-winner.ru?id=416
0,https://github.com/login/485
1,http://free-prize-winner.ru?id=964
0,https://google.com/845
1,http://update-paypal-billing.com?id=229
0,https://github.com/login/802
1,http://secure-verify-account.tk/login?id=994
0,https://google.com/921
1,http://secure-verify-account.tk/login?id=972
0,https://github.com/login/957
1,http://secure-verify-account.tk/login?id=804
0,https://youtube.com/watch/707
1,http://free-prize-winner.ru?id=818
0,https://linkedin.com/136
1,http://update-paypal-billing.com?id=930
0,https://linkedin.com/932
1,http://free-prize-winner.ru?id=585
0,https://github.com/login/159
1,http://free-prize-winner.ru?id=103
0,https://youtube.com/watch/352
1,http://free-prize-winner.ru?id=866
0,https://github.com/login/601
1,http://update-paypal-billing.com?id=532
0,http://localhost:8080/881
1,http://secure-verify-account.tk/login?id=919
0,https://google.com/236
1,http://update-paypal-billing.com?id=235
0,http://localhost:8080/287
1,http://update-paypal-billing.com?id=266
0,https://linkedin.com/347
1,http://update-paypal-billing.com?id=899
0,https://google.com/316
1,http://free-prize-winner.ru?id=885
0,http://localhost:8080/190
1,http://free-prize-winner.ru?id=165
0,https://linkedin.com/238
1,http://free-prize-winner.ru?id=719
0,https://youtube.com/watch/417
1,http://secure-verify-account.tk/login?id=386
0,https://google.com/529
1,http://update-paypal-billing.com?id=316
0,http://localhost:8080/618
1,http://free-prize-winner.ru?id=856
0,https://github.com/login/784
1,http://update-paypal-billing.com?id=667
0,https://google.com/164
1,http://update-paypal-billing.com?id=722
0,https://google.com/787
1,http://update-paypal-billing.com?id=188
0,https://youtube.com/watch/586
1,http://free-prize-winner.ru?id=974
0,https://youtube.com/watch/678
1,http://free-prize-winner.ru?id=268
0,https://youtube.com/watch/221
1,http://free-prize-winner.ru?id=965
0,http://localhost:8080/574
1,http://update-paypal-billing.com?id=540
0,https://linkedin.com/924
1,http://free-prize-winner.ru?id=576
0,https://google.com/230
1,http://free-prize-winner.ru?id=576
0,http://localhost:8080/864
1,http://free-prize-winner.ru?id=998
0,https://youtube.com/watch/928
1,http://free-prize-winner.ru?id=316
0,http://localhost:8080/208
1,http://update-paypal-billing.com?id=920
0,https://linkedin.com/319
1,http://update-paypal-billing.com?id=804
0,http://localhost:8080/762
1,http://update-paypal-billing.com?id=404
0,https://youtube.com/watch/528
1,http://secure-verify-account.tk/login?id=348
0,https://linkedin.com/907
1,http://free-prize-winner.ru?id=623
0,https://github.com/login/306
1,http://update-paypal-billing.com?id=533
0,http://localhost:8080/665
1,http://free-prize-winner.ru?id=476
0,https://github.com/login/667
1,http://free-prize-winner.ru?id=131
0,https://github.com/login/895
1,http://free-prize-winner.ru?id=760
0,http://localhost:8080/689
1,http://free-prize-winner.ru?id=362
0,https://youtube.com/watch/465
1,http://secure-verify-account.tk/login?id=497
0,https://youtube.com/watch/373
1,http://secure-verify-account.tk/login?id=631
0,https://linkedin.com/815
1,http://secure-verify-account.tk/login?id=676
0,https://youtube.com/watch/601
1,http://free-prize-winner.ru?id=878
0,http://localhost:8080/229
1,http://free-prize-winner.ru?id=780
0,http://localhost:8080/320
1,http://update-paypal-billing.com?id=640
0,https://youtube.com/watch/162
1,http://free-prize-winner.ru?id=767
0,https://youtube.com/watch/833
1,http://secure-verify-account.tk/login?id=598
0,http://localhost:8080/756
1,http://free-prize-winner.ru?id=974
0,https://github.com/login/990
1,http://free-prize-winner.ru?id=745
0,https://linkedin.com/847
1,http://secure-verify-account.tk/login?id=991
0,http://localhost:8080/328
1,http://free-prize-winner.ru?id=607
0,https://youtube.com/watch/286
1,http://secure-verify-account.tk/login?id=415
0,https://google.com/271
1,http://update-paypal-billing.com?id=887
0,http://localhost:8080/105
1,http://update-paypal-billing.com?id=145
0,https://linkedin.com/201
1,http://free-prize-winner.ru?id=364
0,https://linkedin.com/134
1,http://free-prize-winner.ru?id=698
0,https://linkedin.com/957
1,http://update-paypal-billing.com?id=785
0,https://youtube.com/watch/141
1,http://update-paypal-billing.com?id=350
0,https://google.com/958
1,http://free-prize-winner.ru?id=255
0,https://github.com/login/233
1,http://free-prize-winner.ru?id=784
0,http://localhost:8080/648
1,http://free-prize-winner.ru?id=177
0,https://linkedin.com/199
1,http://secure-verify-account.tk/login?id=264
0,https://google.com/572
1,http://secure-verify-account.tk/login?id=853
0,http://localhost:8080/641
1,http://update-paypal-billing.com?id=588
0,https://google.com/283
1,http://free-prize-winner.ru?id=703
0,https://github.com/login/190
1,http://secure-verify-account.tk/login?id=492
0,https://youtube.com/watch/284
1,http://secure-verify-account.tk/login?id=170
0,http://localhost:8080/969
1,http://secure-verify-account.tk/login?id=673
0,https://linkedin.com/282
1,http://secure-verify-account.tk/login?id=259
0,https://google.com/411
1,http://secure-verify-account.tk/login?id=635
0,https://github.com/login/412
1,http://update-paypal-billing.com?id=864
0,https://google.com/482
1,http://free-prize-winner.ru?id=426
0,https://linkedin.com/921
1,http://update-paypal-billing.com?id=301
0,http://localhost:8080/897
1,http://free-prize-winner.ru?id=914
0,https://youtube.com/watch/881
1,http://update-paypal-billing.com?id=724
0,https://github.com/login/600
1,http://secure-verify-account.tk/login?id=238
0,https://github.com/login/729
1,http://secure-verify-account.tk/login?id=327
0,https://google.com/269
1,http://free-prize-winner.ru?id=661
0,https://google.com/145
1,http://update-paypal-billing.com?id=807
0,https://youtube.com/watch/491
1,http://secure-verify-account.tk/login?id=976
0,https://linkedin.com/534
1,http://secure-verify-account.tk/login?id=538
0,http://localhost:8080/180
1,http://secure-verify-account.tk/login?id=417
0,https://google.com/811
1,http://update-paypal-billing.com?id=778
0,http://localhost:8080/169
1,http://update-paypal-billing.com?id=620
0,https://google.com/276
1,http://free-prize-winner.ru?id=420
0,http://localhost:8080/988
1,http://update-paypal-billing.com?id=696
0,https://youtube.com/watch/212
1,http://update-paypal-billing.com?id=913
0,https://github.com/login/794
1,http://update-paypal-billing.com?id=546
0,https://linkedin.com/183
1,http://secure-verify-account.tk/login?id=437
0,https://google.com/429
1,http://secure-verify-account.tk/login?id=593
0,https://youtube.com/watch/627
1,http://secure-verify-account.tk/login?id=478
0,https://youtube.com/watch/858
1,http://free-prize-winner.ru?id=715
0,https://google.com/560
1,http://update-paypal-billing.com?id=474
0,http://localhost:8080/786
1,http://update-paypal-billing.com?id=427
0,https://linkedin.com/649
1,http://secure-verify-account.tk/login?id=145
0,http://localhost:8080/443
1,http://free-prize-winner.ru?id=376
0,https://linkedin.com/133
1,http://update-paypal-billing.com?id=524
0,https://youtube.com/watch/817
1,http://free-prize-winner.ru?id=665
0,https://youtube.com/watch/164
1,http://update-paypal-billing.com?id=980
0,https://linkedin.com/492
1,http://secure-verify-account.tk/login?id=651
0,https://google.com/335
1,http://update-paypal-billing.com?id=634
0,https://youtube.com/watch/222
1,http://update-paypal-billing.com?id=509
0,https://linkedin.com/618
1,http://update-paypal-billing.com?id=524
0,https://linkedin.com/173
1,http://update-paypal-billing.com?id=454
0,https://linkedin.com/554
1,http://free-prize-winner.ru?id=160
0,http://localhost:8080/428
1,http://secure-verify-account.tk/login?id=858
0,https://google.com/239
1,http://free-prize-winner.ru?id=511
0,https://youtube.com/watch/209
1,http://update-paypal-billing.com?id=164
0,https://google.com/959
1,http://update-paypal-billing.com?id=666
0,https://linkedin.com/390
1,http://secure-verify-account.tk/login?id=881
0,https://github.com/login/820
1,http://free-prize-winner.ru?id=636
0,http://localhost:8080/811
1,http://update-paypal-billing.com?id=389
0,https://linkedin.com/945
1,http://free-prize-winner.ru?id=966
0,https://github.com/login/611
1,http://free-prize-winner.ru?id=561
0,http://localhost:8080/348
1,http://free-prize-winner.ru?id=658
0,https://linkedin.com/748
1,http://secure-verify-account.tk/login?id=313
0,https://google.com/991
1,http://update-paypal-billing.com?id=548
0,https://youtube.com/watch/342
1,http://secure-verify-account.tk/login?id=176
0,https://github.com/login/832
1,http://free-prize-winner.ru?id=270
0,https://youtube.com/watch/720
1,http://update-paypal-billing.com?id=292
0,https://github.com/login/294
1,http://free-prize-winner.ru?id=135
0,http://localhost:8080/731
1,http://free-prize-winner.ru?id=351
0,http://localhost:8080/778
1,http://update-paypal-billing.com?id=460
0,https://google.com/230
1,http://free-prize-winner.ru?id=483
0,http://localhost:8080/173
1,http://free-prize-winner.ru?id=615
0,https://youtube.com/watch/691
1,http://update-paypal-billing.com?id=579
0,https://youtube.com/watch/508
1,http://secure-verify-account.tk/login?id=874
0,https://linkedin.com/153
1,http://secure-verify-account.tk/login?id=300
0,http://localhost:8080/819
1,http://free-prize-winner.ru?id=341
0,http://localhost:8080/836
1,http://update-paypal-billing.com?id=831
0,https://youtube.com/watch/100
1,http://free-prize-winner.ru?id=354
0,https://github.com/login/613
1,http://secure-verify-account.tk/login?id=817
0,http://localhost:8080/180
1,http://update-paypal-billing.com?id=655
0,https://linkedin.com/857
1,http://free-prize-winner.ru?id=780
0,https://github.com/login/376
1,http://free-prize-winner.ru?id=668
0,http://localhost:8080/402
1,http://free-prize-winner.ru?id=499
0,https://youtube.com/watch/992
1,http://secure-verify-account.tk/login?id=488
0,https://google.com/708
1,http://free-prize-winner.ru?id=949
0,https://github.com/login/992
1,http://free-prize-winner.ru?id=209
0,https://google.com/116
1,http://update-paypal-billing.com?id=121
0,https://google.com/158
1,http://update-paypal-billing.com?id=812
0,https://youtube.com/watch/239
1,http://update-paypal-billing.com?id=404
0,https://linkedin.com/827
1,http://update-paypal-billing.com?id=699
0,https://linkedin.com/624
1,http://secure-verify-account.tk/login?id=514
0,https://linkedin.com/523
1,http://update-paypal-billing.com?id=534
0,https://google.com/373
1,http://secure-verify-account.tk/login?id=766
0,http://localhost:8080/579
1,http://free-prize-winner.ru?id=471
0,http://localhost:8080/325
1,http://free-prize-winner.ru?id=588
0,https://github.com/login/767
1,http://secure-verify-account.tk/login?id=901
0,https://youtube.com/watch/485
1,http://secure-verify-account.tk/login?id=844
0,https://google.com/886
1,http://secure-verify-account.tk/login?id=318
0,https://youtube.com/watch/793
1,http://secure-verify-account.tk/login?id=387
0,https://google.com/578
1,http://update-paypal-billing.com?id=702
0,https://youtube.com/watch/573
1,http://free-prize-winner.ru?id=697
0,http://localhost:8080/498
1,http://secure-verify-account.tk/login?id=410
0,https://linkedin.com/661
1,http://secure-verify-account.tk/login?id=345
0,https://github.com/login/473
1,http://free-prize-winner.ru?id=938
0,http://localhost:8080/972
1,http://secure-verify-account.tk/login?id=300
0,https://github.com/login/430
1,http://secure-verify-account.tk/login?id=236
0,http://localhost:8080/413
1,http://update-paypal-billing.com?id=892
0,https://youtube.com/watch/139
1,http://free-prize-winner.ru?id=258
0,https://linkedin.com/286
1,http://secure-verify-account.tk/login?id=829
0,https://youtube.com/watch/401
1,http://free-prize-winner.ru?id=457
0,https://linkedin.com/336
1,http://free-prize-winner.ru?id=159
0,https://youtube.com/watch/575
1,http://update-paypal-billing.com?id=455
0,http://localhost:8080/338
1,http://update-paypal-billing.com?id=855
0,https://github.com/login/816
1,http://free-prize-winner.ru?id=798
0,http://localhost:8080/600
1,http://update-paypal-billing.com?id=558
0,https://github.com/login/541
1,http://secure-verify-account.tk/login?id=931
0,https://youtube.com/watch/157
1,http://secure-verify-account.tk/login?id=872
0,https://linkedin.com/637
1,http://free-prize-winner.ru?id=483
0,http://localhost:8080/359
1,http://secure-verify-account.tk/login?id=114
0,https://youtube.com/watch/275
1,http://update-paypal-billing.com?id=427
0,http://localhost:8080/292
1,http://free-prize-winner.ru?id=335
0,https://youtube.com/watch/241
1,http://secure-verify-account.tk/login?id=227
0,https://linkedin.com/611
1,http://free-prize-winner.ru?id=166
0,https://youtube.com/watch/404
1,http://secure-verify-account.tk/login?id=873
0,https://linkedin.com/990
1,http://free-prize-winner.ru?id=495
0,http://localhost:8080/101
1,http://free-prize-winner.ru?id=565
0,https://github.com/login/411
1,http://secure-verify-account.tk/login?id=681
0,https://linkedin.com/541
1,http://free-prize-winner.ru?id=279
0,http://localhost:8080/562
1,http://secure-verify-account.tk/login?id=164
0,https://linkedin.com/597
1,http://secure-verify-account.tk/login?id=437
0,https://github.com/login/498
1,http://secure-verify-account.tk/login?id=977
0,https://youtube.com/watch/257
1,http://secure-verify-account.tk/login?id=509
0,http://localhost:8080/638
1,http://secure-verify-account.tk/login?id=960
0,http://localhost:8080/109
1,http://secure-verify-account.tk/login?id=527
0,https://google.com/215
1,http://update-paypal-billing.com?id=593
0,https://linkedin.com/984
1,http://free-prize-winner.ru?id=582
0,https://github.com/login/430
1,http://secure-verify-account.tk/login?id=215
0,https://linkedin.com/768
1,http://update-paypal-billing.com?id=253
0,http://localhost:8080/442
1,http://free-prize-winner.ru?id=496
0,https://github.com/login/697
1,http://update-paypal-billing.com?id=272
0,https://linkedin.com/167
1,http://secure-verify-account.tk/login?id=582
0,http://localhost:8080/904
1,http://update-paypal-billing.com?id=834
0,http://localhost:8080/758
1,http://update-paypal-billing.com?id=454
0,https://github.com/login/600
1,http://free-prize-winner.ru?id=318
0,https://linkedin.com/462
1,http://secure-verify-account.tk/login?id=514
0,https://linkedin.com/851
1,http://secure-verify-account.tk/login?id=237
0,https://linkedin.com/458
1,http://secure-verify-account.tk/login?id=969
0,https://youtube.com/watch/927
1,http://update-paypal-billing.com?id=300
0,https://linkedin.com/520
1,http://update-paypal-billing.com?id=543
0,https://google.com/582
1,http://secure-verify-account.tk/login?id=292
0,https://google.com/249
1,http://free-prize-winner.ru?id=120
0,https://youtube.com/watch/248
1,http://update-paypal-billing.com?id=865
0,https://github.com/login/105
1,http://free-prize-winner.ru?id=289
0,https://google.com/158
1,http://free-prize-winner.ru?id=607
0,https://linkedin.com/881
1,http://update-paypal-billing.com?id=198
0,https://linkedin.com/440
1,http://secure-verify-account.tk/login?id=679
0,https://youtube.com/watch/569
1,http://secure-verify-account.tk/login?id=230
0,http://localhost:8080/120
1,http://secure-verify-account.tk/login?id=741
0,https://linkedin.com/860
1,http://secure-verify-account.tk/login?id=675
0,http://localhost:8080/540
1,http://update-paypal-billing.com?id=801
0,https://linkedin.com/355
1,http://update-paypal-billing.com?id=708
0,https://youtube.com/watch/495
1,http://free-prize-winner.ru?id=689
0,https://github.com/login/197
1,http://free-prize-winner.ru?id=291
0,https://linkedin.com/137
1,http://secure-verify-account.tk/login?id=340
0,https://linkedin.com/706
1,http://update-paypal-billing.com?id=614
0,https://google.com/122
1,http://free-prize-winner.ru?id=490
0,https://google.com/391
1,http://secure-verify-account.tk/login?id=983
0,https://github.com/login/596
1,http://free-prize-winner.ru?id=696
0,https://github.com/login/130
1,http://free-prize-winner.ru?id=280
0,https://youtube.com/watch/709
1,http://free-prize-winner.ru?id=733
