login_hour,session_duration,failed_logins,pages_visited,data_transferred,label
18,22,1,28,267,0
9,40,1,8,30,0
14,114,1,19,245,0
18,32,0,26,325,0
8,25,0,22,189,0
12,24,1,13,175,0
13,103,0,1,380,0
8,43,0,18,121,0
11,28,1,6,309,0
14,55,0,13,428,0
8,117,1,30,441,0
16,96,0,15,194,0
13,38,1,22,456,0
9,54,1,18,114,0
17,34,1,3,180,0
11,36,1,10,296,0
12,95,0,29,22,0
9,107,0,15,82,0
11,119,1,16,27,0
17,92,1,25,163,0
15,44,0,18,174,0
9,45,0,30,210,0
13,105,0,2,49,0
10,32,1,4,234,0
9,34,1,9,64,0
18,9,0,25,270,0
15,49,0,16,252,0
17,84,0,14,421,0
11,67,0,18,207,0
8,103,0,19,479,0
9,10,1,30,284,0
13,22,1,8,315,0
18,92,1,24,359,0
10,90,0,18,230,0
15,86,1,5,107,0
10,22,0,19,493,0
11,18,0,20,468,0
16,84,1,27,258,0
8,119,1,22,242,0
14,39,1,11,225,0
17,28,1,6,171,0
11,48,0,18,216,0
10,11,0,7,281,0
13,117,0,29,317,0
18,98,0,24,182,0
12,113,0,26,279,0
11,106,1,13,388,0
16,23,0,21,159,0
16,6,0,15,266,0
10,90,0,27,300,0
18,120,1,26,368,0
11,45,1,15,31,0
8,35,0,15,61,0
14,119,0,6,23,0
9,99,0,10,285,0
8,28,0,8,376,0
17,116,1,12,274,0
14,5,0,29,332,0
14,71,1,30,494,0
8,43,1,10,403,0
15,55,1,23,121,0
15,41,0,25,444,0
16,79,1,15,229,0
13,26,0,17,364,0
17,110,0,3,153,0
8,82,1,14,68,0
11,58,1,23,406,0
13,120,0,19,223,0
16,81,1,4,240,0
17,99,1,16,10,0
15,68,1,9,175,0
15,13,0,4,86,0
11,82,1,2,370,0
10,106,1,9,462,0
14,48,1,9,374,0
18,58,0,22,70,0
15,63,1,4,392,0
11,84,0,3,216,0
15,97,1,4,189,0
15,88,0,13,160,0
11,26,1,7,390,0
18,61,1,9,167,0
17,26,0,14,364,0
15,116,1,17,224,0
15,95,1,9,136,0
14,37,1,6,320,0
13,18,0,26,213,0
14,64,1,5,137,0
12,7,1,22,386,0
12,97,1,25,58,0
14,6,0,1,227,0
15,29,0,12,115,0
18,35,1,12,279,0
8,109,1,14,371,0
15,100,1,27,316,0
17,29,1,27,134,0
15,67,1,26,459,0
10,104,1,6,241,0
16,84,0,24,308,0
16,89,0,29,31,0
9,8,1,23,19,0
12,118,0,28,375,0
13,73,1,18,14,0
11,119,1,27,173,0
10,86,1,19,443,0
16,59,0,17,222,0
17,91,0,29,471,0
15,92,1,7,218,0
17,64,1,16,492,0
15,43,0,11,86,0
16,42,0,20,467,0
9,119,1,12,184,0
12,115,1,9,210,0
11,11,0,23,317,0
13,38,1,30,80,0
17,34,0,18,135,0
8,69,1,17,183,0
12,40,0,16,318,0
18,62,0,12,296,0
8,14,1,26,493,0
10,18,1,28,195,0
9,25,1,4,53,0
13,76,0,19,310,0
18,51,1,9,297,0
14,47,0,28,336,0
16,19,0,14,53,0
15,23,1,14,401,0
10,117,1,28,341,0
13,20,0,13,16,0
17,87,1,19,215,0
17,75,0,12,406,0
16,86,1,28,192,0
12,93,1,15,344,0
8,115,1,19,470,0
18,71,1,13,384,0
9,93,0,13,27,0
14,84,0,4,468,0
18,28,1,29,39,0
9,118,0,5,350,0
17,109,1,3,77,0
15,64,1,11,360,0
18,54,1,6,321,0
8,94,1,8,200,0
17,70,0,18,60,0
16,19,1,5,111,0
18,113,0,27,446,0
12,59,0,16,227,0
8,116,0,17,150,0
17,100,1,19,78,0
11,101,0,10,262,0
10,41,1,14,254,0
12,81,0,8,76,0
12,16,0,28,490,0
16,5,1,19,209,0
18,6,0,4,96,0
8,63,0,11,453,0
11,99,1,13,304,0
16,70,1,24,288,0
9,62,0,21,442,0
15,106,0,8,332,0
14,64,1,27,46,0
12,102,1,24,251,0
9,47,1,4,261,0
11,7,0,1,26,0
8,18,0,11,332,0
18,53,1,6,143,0
9,79,0,15,255,0
9,112,1,13,133,0
17,27,0,15,100,0
17,48,0,3,182,0
18,15,1,17,18,0
16,86,1,25,43,0
9,43,0,30,98,0
15,47,0,4,241,0
8,18,0,16,154,0
17,116,1,17,62,0
10,84,0,9,376,0
13,54,0,22,95,0
10,40,0,24,196,0
15,71,0,3,122,0
10,77,0,22,250,0
9,5,0,25,77,0
13,120,0,3,417,0
16,15,0,9,447,0
12,60,1,16,423,0
8,5,1,12,446,0
15,107,0,1,54,0
17,61,1,29,495,0
11,66,1,22,248,0
9,49,0,4,261,0
16,90,0,12,236,0
15,67,1,2,111,0
16,13,1,8,287,0
8,98,0,15,440,0
11,84,1,26,294,0
14,92,0,26,61,0
10,30,0,4,254,0
13,6,1,19,61,0
9,58,1,18,393,0
11,46,0,14,85,0
10,34,0,10,353,0
8,92,0,18,462,0
17,62,0,5,328,0
13,10,0,7,353,0
17,22,0,5,19,0
17,106,0,17,85,0
14,26,1,26,37,0
8,114,1,13,171,0
8,102,1,24,58,0
9,51,1,11,77,0
16,16,0,23,479,0
9,75,1,23,321,0
10,117,1,12,353,0
8,81,1,13,365,0
16,38,0,18,199,0
18,11,1,20,428,0
12,45,1,15,148,0
10,52,0,27,352,0
15,75,0,29,342,0
13,17,0,20,448,0
10,71,0,25,389,0
14,64,0,13,476,0
18,6,1,8,453,0
13,77,0,6,256,0
17,108,1,11,380,0
11,104,0,6,229,0
16,57,0,18,395,0
8,17,1,21,243,0
9,117,0,11,31,0
10,25,1,4,380,0
13,111,0,20,460,0
16,7,1,9,473,0
10,48,0,19,401,0
17,14,0,28,356,0
11,16,1,27,228,0
16,21,0,19,238,0
18,73,0,29,231,0
14,113,1,25,391,0
17,83,0,24,354,0
14,61,1,12,149,0
12,115,0,25,475,0
8,51,1,20,120,0
14,39,1,19,363,0
16,53,1,22,182,0
10,115,1,4,478,0
8,95,0,1,44,0
14,99,0,29,149,0
8,92,1,29,71,0
16,109,0,25,171,0
10,51,1,13,454,0
10,36,1,29,370,0
18,39,1,29,373,0
18,62,0,28,180,0
17,27,0,20,51,0
17,60,1,14,244,0
15,37,1,30,136,0
13,49,0,26,28,0
16,96,1,8,404,0
11,91,0,15,280,0
12,77,1,14,57,0
17,11,0,20,393,0
10,21,1,21,140,0
10,22,0,15,497,0
14,113,0,18,430,0
16,99,0,5,247,0
8,22,1,8,45,0
11,27,0,12,378,0
11,24,0,7,370,0
15,85,1,14,459,0
16,119,0,3,185,0
17,81,0,19,67,0
12,69,0,4,62,0
12,55,0,7,428,0
15,107,0,19,47,0
16,40,1,10,38,0
17,30,0,9,362,0
14,68,1,3,476,0
12,70,1,19,109,0
14,33,0,30,206,0
8,38,0,18,275,0
11,52,0,1,468,0
10,21,0,7,371,0
16,45,0,30,466,0
13,87,0,25,475,0
10,66,0,17,335,0
9,27,1,23,378,0
13,68,0,29,158,0
16,8,1,17,105,0
12,58,1,16,303,0
17,31,1,12,329,0
10,116,0,22,174,0
15,79,1,26,345,0
17,55,1,25,30,0
14,56,1,10,456,0
17,64,1,15,485,0
12,25,0,9,440,0
15,49,0,12,334,0
13,10,0,3,196,0
13,12,1,22,351,0
17,35,1,4,158,0
11,11,1,20,410,0
18,107,1,4,497,0
12,39,1,12,308,0
14,65,1,8,83,0
12,77,1,10,429,0
12,39,1,22,447,0
8,18,0,25,415,0
10,102,1,11,378,0
17,92,1,9,128,0
12,118,1,20,274,0
14,29,1,3,41,0
8,69,0,22,183,0
16,75,1,3,183,0
9,94,1,24,82,0
17,64,1,23,232,0
15,19,0,9,106,0
14,111,0,26,431,0
17,103,0,7,129,0
14,60,1,16,318,0
14,60,1,20,472,0
10,18,1,10,397,0
15,68,0,27,382,0
11,36,1,23,421,0
15,117,0,5,332,0
9,58,0,19,306,0
18,43,0,3,163,0
13,21,1,3,207,0
13,48,1,17,137,0
11,44,1,10,53,0
10,74,0,23,406,0
11,67,0,2,477,0
8,91,0,4,445,0
9,6,0,21,97,0
9,37,0,28,400,0
9,119,1,23,176,0
17,6,0,18,205,0
15,15,0,22,227,0
14,66,0,9,391,0
9,10,0,3,18,0
16,78,1,22,335,0
16,97,1,16,250,0
10,23,0,20,462,0
17,53,1,25,421,0
16,50,1,3,494,0
17,76,1,13,62,0
18,43,1,6,57,0
13,53,1,14,395,0
11,60,0,14,355,0
18,57,0,24,243,0
13,21,1,6,319,0
15,17,1,4,259,0
9,91,0,27,14,0
11,22,0,29,434,0
16,9,0,2,211,0
16,68,0,8,80,0
13,96,1,27,261,0
10,79,0,4,178,0
11,18,0,9,281,0
17,103,0,13,467,0
15,76,0,23,333,0
10,6,0,9,260,0
17,33,1,20,397,0
13,119,1,8,290,0
13,11,1,4,153,0
11,120,0,17,301,0
14,88,0,17,288,0
11,64,0,19,220,0
8,12,0,7,476,0
17,19,0,16,253,0
13,10,1,23,339,0
12,112,0,19,166,0
14,98,0,10,160,0
14,7,1,27,424,0
9,24,0,11,287,0
17,63,0,4,451,0
9,16,1,5,227,0
15,116,0,18,180,0
11,104,0,28,403,0
10,78,0,27,424,0
11,120,0,27,236,0
17,61,1,17,292,0
15,98,0,18,498,0
15,53,1,29,22,0
10,86,1,14,75,0
9,76,0,17,49,0
17,42,0,8,209,0
14,56,0,18,66,0
17,110,1,26,396,0
11,109,1,6,98,0
17,6,0,19,323,0
18,96,1,28,322,0
16,49,0,11,292,0
10,66,0,19,381,0
11,60,0,19,403,0
14,84,0,15,193,0
17,102,0,18,194,0
17,65,0,13,290,0
12,7,0,1,144,0
18,64,0,13,429,0
17,18,1,2,106,0
16,107,1,8,321,0
9,75,0,19,411,0
15,75,1,29,314,0
11,76,1,8,268,0
11,37,0,12,28,0
12,86,0,11,379,0
12,47,0,29,255,0
18,86,1,30,261,0
15,76,1,18,238,0
9,29,1,18,473,0
17,82,1,14,266,0
12,72,0,2,182,0
13,43,0,26,327,0
8,66,0,30,191,0
18,101,0,21,416,0
15,15,0,17,371,0
18,46,1,20,416,0
14,50,0,13,429,0
11,72,1,9,27,0
13,37,0,26,269,0
17,45,1,22,185,0
11,9,0,13,120,0
17,49,0,18,389,0
10,97,0,4,125,0
11,90,1,13,472,0
13,21,0,16,484,0
11,47,0,17,486,0
15,38,0,9,392,0
8,8,1,3,60,0
8,28,0,1,179,0
15,69,1,29,349,0
14,73,1,23,401,0
9,64,1,20,173,0
17,31,0,4,14,0
11,30,0,26,147,0
17,46,0,14,340,0
18,109,0,5,486,0
17,63,0,14,406,0
18,71,0,22,489,0
18,68,1,23,223,0
14,25,1,13,297,0
14,116,0,17,15,0
10,112,1,1,317,0
8,59,0,18,452,0
17,98,1,21,49,0
14,106,1,18,118,0
18,115,0,20,274,0
13,14,0,2,261,0
13,83,0,18,70,0
18,64,1,12,291,0
14,43,1,11,460,0
14,92,1,10,202,0
14,40,1,15,382,0
10,22,1,19,300,0
17,27,0,29,51,0
8,44,1,18,402,0
18,11,0,19,31,0
12,11,0,4,55,0
12,86,0,13,320,0
9,41,0,11,329,0
14,43,1,18,238,0
14,85,0,16,14,0
10,72,1,6,18,0
13,53,0,19,191,0
13,65,0,18,306,0
10,61,0,25,125,0
16,22,1,22,251,0
17,108,1,28,265,0
17,103,0,23,120,0
9,21,1,29,41,0
13,45,1,16,420,0
13,14,1,23,340,0
16,26,0,22,416,0
17,113,0,27,213,0
10,77,0,5,465,0
11,5,1,5,339,0
12,7,0,27,151,0
9,92,0,5,474,0
15,64,0,9,63,0
12,50,1,25,329,0
17,51,0,6,237,0
15,98,1,13,85,0
13,38,1,25,156,0
13,49,1,21,307,0
12,108,0,13,384,0
12,97,1,23,337,0
16,13,0,15,344,0
8,99,0,11,143,0
17,24,1,15,160,0
11,86,0,3,264,0
11,24,1,5,147,0
10,90,0,19,244,0
15,110,1,16,339,0
16,33,0,3,104,0
14,51,1,3,181,0
15,31,1,26,188,0
12,28,0,7,87,0
15,40,1,21,312,0
18,65,1,24,63,0
17,11,0,3,183,0
17,8,0,18,108,0
18,108,0,21,292,0
9,96,0,18,417,0
9,70,0,18,16,0
18,95,0,5,233,0
8,104,1,9,473,0
17,20,1,20,449,0
17,12,0,18,102,0
18,33,0,30,403,0
14,106,0,2,322,0
9,16,1,3,380,0
14,91,1,20,220,0
16,109,1,20,257,0
14,55,0,23,262,0
15,37,1,10,324,0
8,22,0,6,41,0
10,57,0,30,117,0
16,10,1,2,194,0
18,58,0,10,441,0
18,6,0,21,264,0
14,32,0,5,353,0
13,37,1,27,170,0
10,79,0,3,258,0
8,73,0,10,354,0
9,7,0,14,495,0
14,90,0,14,311,0
8,32,0,11,473,0
18,88,0,27,420,0
14,38,0,8,83,0
8,66,0,23,481,0
14,19,0,29,321,0
10,111,1,4,44,0
11,67,0,7,29,0
8,99,0,24,172,0
8,53,1,19,217,0
13,49,1,15,492,0
15,80,1,17,188,0
9,83,0,24,393,0
14,53,1,17,156,0
10,87,1,28,19,0
13,71,1,2,326,0
16,41,0,25,227,0
12,78,0,1,348,0
10,31,0,23,102,0
17,53,1,15,447,0
11,112,0,16,43,0
9,113,0,17,394,0
16,40,0,17,55,0
11,86,0,25,86,0
8,119,0,8,97,0
17,114,0,23,368,0
15,53,1,7,191,0
10,72,0,30,160,0
12,49,1,7,189,0
8,90,1,9,227,0
15,20,1,25,60,0
13,116,1,3,478,0
18,56,1,25,470,0
15,36,0,6,324,0
8,23,1,5,426,0
9,116,0,15,161,0
16,59,0,30,356,0
12,12,0,8,476,0
15,55,1,27,48,0
14,37,1,3,266,0
11,85,0,4,54,0
15,36,0,5,86,0
11,51,1,11,355,0
18,63,0,6,380,0
14,11,1,8,24,0
16,36,1,28,286,0
10,106,1,30,171,0
18,97,1,13,77,0
16,117,0,6,211,0
8,105,1,23,114,0
17,47,0,5,331,0
18,118,1,6,268,0
9,98,0,29,54,0
16,46,0,11,376,0
9,14,0,4,494,0
16,71,0,16,12,0
14,116,1,29,272,0
15,41,1,29,484,0
15,9,0,29,84,0
14,23,1,14,308,0
18,90,1,28,70,0
18,13,1,4,471,0
15,113,1,21,471,0
12,49,0,30,437,0
8,18,1,10,10,0
11,61,1,1,217,0
12,36,0,5,173,0
11,18,0,7,231,0
17,50,0,28,486,0
8,78,0,7,374,0
10,46,0,18,415,0
14,58,1,17,324,0
16,6,0,15,427,0
13,87,0,18,108,0
11,84,0,9,230,0
9,95,0,26,168,0
18,118,1,12,142,0
8,34,1,2,16,0
11,98,0,7,216,0
17,66,1,21,272,0
11,107,0,26,73,0
9,72,0,10,458,0
10,36,1,23,111,0
17,78,1,18,98,0
13,34,1,5,88,0
12,60,1,25,455,0
15,92,1,11,192,0
16,10,0,17,439,0
13,52,0,9,412,0
8,29,1,17,267,0
11,109,0,16,306,0
14,47,0,22,443,0
14,88,0,27,467,0
8,80,1,11,70,0
13,105,0,29,422,0
16,104,1,9,269,0
17,99,0,6,79,0
14,40,0,27,31,0
15,108,0,6,350,0
15,57,1,26,13,0
14,95,1,1,142,0
8,49,1,9,174,0
14,7,1,26,335,0
9,117,1,27,31,0
10,49,0,10,61,0
13,60,1,13,239,0
12,22,1,5,293,0
11,19,1,26,377,0
14,87,1,2,452,0
11,74,1,28,392,0
15,57,1,29,142,0
17,98,0,19,158,0
17,101,0,1,290,0
17,34,1,12,65,0
16,64,1,30,132,0
8,18,1,5,289,0
8,103,0,23,119,0
11,27,1,10,189,0
8,11,0,10,263,0
14,120,0,16,179,0
12,99,1,27,420,0
14,73,1,19,241,0
17,72,1,17,20,0
11,66,1,21,181,0
11,94,0,20,172,0
17,32,1,4,463,0
8,31,0,13,188,0
17,101,1,30,369,0
9,27,0,19,417,0
10,32,0,11,88,0
10,64,1,16,117,0
14,25,1,7,284,0
18,9,0,26,253,0
13,23,1,28,383,0
16,27,0,27,108,0
8,64,0,24,387,0
14,24,1,18,283,0
15,30,0,18,124,0
18,104,0,22,208,0
9,60,0,14,336,0
8,98,0,6,486,0
8,116,1,11,43,0
9,107,1,5,149,0
16,82,1,16,386,0
15,102,1,30,57,0
11,82,0,16,268,0
11,5,1,2,431,0
8,103,1,1,310,0
18,42,0,6,149,0
9,93,1,25,217,0
9,69,1,17,39,0
14,106,0,28,72,0
10,5,1,23,413,0
8,51,0,14,439,0
18,118,1,1,97,0
9,75,1,28,198,0
9,50,0,21,338,0
14,60,0,23,149,0
18,27,1,1,154,0
13,6,1,18,367,0
15,27,0,26,354,0
15,113,0,21,446,0
13,46,0,13,33,0
11,73,0,8,149,0
17,30,1,25,268,0
10,43,0,7,92,0
12,66,1,23,380,0
9,113,0,4,313,0
13,8,1,6,28,0
15,55,0,22,183,0
9,61,0,4,460,0
13,109,1,25,163,0
10,6,1,14,377,0
18,117,0,28,172,0
16,99,0,27,315,0
16,41,0,25,304,0
14,43,1,28,452,0
15,57,0,17,357,0
13,30,1,11,122,0
11,42,0,14,192,0
13,113,1,16,255,0
16,91,0,3,235,0
17,102,0,16,16,0
18,111,0,27,210,0
18,54,1,29,293,0
9,97,0,23,333,0
9,10,0,11,493,0
12,114,1,20,12,0
14,73,0,14,252,0
12,108,0,26,463,0
18,74,0,13,452,0
11,30,1,29,348,0
8,109,1,6,438,0
15,39,0,20,181,0
13,14,1,30,15,0
10,45,0,22,290,0
11,19,1,18,119,0
13,36,0,28,414,0
13,73,0,2,468,0
16,30,0,17,251,0
18,14,0,26,477,0
14,89,1,7,332,0
10,87,0,18,56,0
16,66,1,6,359,0
15,52,1,3,57,0
11,35,0,30,188,0
15,15,1,6,155,0
13,47,0,1,466,0
13,13,1,30,127,0
15,90,0,23,217,0
10,102,0,16,349,0
11,24,0,9,363,0
18,17,0,19,250,0
14,108,1,3,494,0
11,94,1,15,432,0
8,14,0,30,435,0
14,87,1,22,112,0
14,7,1,26,25,0
16,57,1,24,369,0
9,52,1,19,265,0
16,22,1,8,332,0
15,7,1,11,372,0
15,71,1,6,59,0
16,25,1,26,16,0
9,51,0,23,399,0
9,57,1,3,288,0
11,62,0,2,99,0
13,103,1,8,83,0
9,25,0,24,320,0
16,74,1,10,153,0
18,84,1,26,266,0
16,66,1,15,321,0
17,95,1,13,425,0
10,82,1,5,168,0
14,69,1,28,495,0
8,58,1,8,414,0
16,8,1,7,72,0
8,30,1,14,254,0
15,40,1,27,94,0
15,5,0,20,473,0
10,5,1,21,430,0
14,106,1,21,231,0
10,81,0,14,335,0
12,77,1,20,472,0
12,9,1,28,397,0
17,47,1,27,311,0
8,46,0,4,464,0
13,97,0,22,398,0
9,25,1,7,87,0
18,27,0,29,471,0
11,21,1,22,16,0
8,36,1,3,414,0
8,54,0,3,57,0
17,33,1,4,476,0
15,38,1,3,167,0
10,25,0,11,475,0
12,7,1,3,376,0
15,80,1,4,383,0
14,28,0,17,292,0
15,38,1,18,424,0
8,75,0,26,464,0
9,96,0,12,384,0
14,42,0,16,54,0
8,112,1,10,296,0
17,14,1,24,31,0
13,44,0,21,162,0
14,25,1,7,126,0
12,28,1,10,435,0
9,54,1,10,147,0
11,74,0,28,468,0
17,68,1,20,200,0
10,113,0,12,79,0
9,97,0,22,354,0
18,98,0,20,40,0
15,64,0,17,438,0
18,80,0,22,252,0
14,105,0,26,368,0
8,22,1,11,391,0
11,56,0,7,68,0
14,40,1,20,490,0
8,5,1,3,462,0
8,116,0,23,131,0
9,34,1,30,433,0
15,106,0,11,203,0
18,61,1,7,428,0
14,63,1,21,373,0
16,65,1,29,441,0
18,105,1,12,480,0
17,109,0,7,306,0
10,42,0,16,54,0
12,116,0,2,313,0
15,65,0,20,190,0
15,67,1,25,199,0
11,28,0,11,56,0
11,64,1,5,336,0
18,108,1,13,81,0
13,93,0,19,395,0
16,60,0,17,122,0
12,82,0,7,180,0
11,15,1,13,118,0
11,82,1,21,305,0
16,60,0,23,211,0
11,91,0,17,167,0
17,94,0,10,496,0
9,95,0,11,467,0
9,26,1,18,262,0
8,14,0,11,30,0
18,29,0,3,500,0
18,102,1,16,314,0
8,106,1,29,410,0
13,66,1,6,315,0
10,14,1,1,236,0
17,91,0,16,76,0
11,118,0,10,353,0
15,119,0,27,20,0
14,46,0,13,337,0
16,103,1,24,225,0
15,88,0,24,120,0
11,105,0,2,231,0
8,104,1,19,309,0
13,96,0,30,103,0
11,63,0,11,483,0
8,18,1,27,425,0
13,51,0,6,232,0
15,81,1,7,497,0
14,81,1,21,389,0
13,50,1,23,496,0
18,104,1,27,103,0
15,73,1,8,309,0
8,78,1,23,133,0
10,67,0,14,78,0
14,107,1,14,404,0
13,31,0,20,49,0
16,51,0,27,357,0
12,21,0,11,13,0
18,116,1,14,33,0
8,32,0,16,404,0
15,17,0,14,69,0
16,80,1,23,422,0
11,54,0,6,216,0
11,86,1,14,90,0
15,62,0,23,385,0
17,114,1,19,169,0
11,72,1,1,463,0
17,32,0,18,320,0
15,27,1,22,330,0
9,96,1,22,321,0
15,93,0,18,423,0
13,56,0,25,172,0
13,74,1,2,478,0
17,87,1,30,163,0
10,26,1,21,245,0
14,73,1,14,477,0
13,31,1,17,236,0
12,20,0,21,11,0
16,51,0,12,99,0
11,72,1,6,14,0
12,58,1,20,245,0
11,69,0,27,489,0
13,69,1,24,302,0
15,43,0,29,401,0
10,64,1,30,485,0
18,33,1,28,274,0
12,36,0,29,347,0
9,27,1,19,36,0
16,117,0,3,425,0
9,63,1,3,135,0
14,5,0,16,434,0
9,28,0,12,484,0
14,102,1,18,257,0
8,19,0,11,364,0
8,86,1,30,124,0
10,112,1,2,432,0
14,42,0,21,131,0
12,60,0,26,37,0
9,42,1,13,431,0
11,69,1,27,72,0
15,53,1,27,450,0
15,67,1,10,274,0
16,68,0,20,344,0
15,11,1,17,355,0
10,30,1,4,480,0
18,56,0,12,268,0
13,34,1,10,264,0
14,49,1,30,226,0
15,71,0,19,461,0
18,96,0,11,173,0
18,83,0,1,79,0
18,79,0,25,176,0
8,54,1,9,98,0
14,30,1,7,392,0
9,14,0,11,22,0
17,102,0,25,287,0
14,21,1,21,294,0
10,103,1,7,43,0
9,118,0,12,454,0
8,79,0,13,446,0
14,60,0,30,13,0
13,15,0,26,53,0
15,100,1,25,457,0
13,101,0,10,493,0
13,77,1,9,437,0
15,20,1,9,255,0
12,78,0,3,324,0
14,36,0,21,222,0
11,113,0,29,162,0
15,101,0,18,47,0
15,112,0,23,71,0
13,63,0,5,65,0
9,43,0,20,60,0
16,116,1,15,478,0
9,81,1,15,330,0
16,108,1,1,364,0
15,99,0,26,248,0
9,73,0,18,491,0
8,73,0,21,133,0
12,115,1,13,107,0
16,27,1,16,420,0
13,97,0,22,301,0
17,66,0,12,272,0
17,70,0,28,385,0
15,114,1,24,261,0
16,40,0,11,353,0
16,81,0,16,65,0
10,62,0,15,362,0
11,82,0,27,240,0
8,11,0,5,210,0
13,92,0,28,492,0
17,32,1,3,117,0
11,8,1,7,331,0
18,18,0,3,264,0
9,13,1,29,210,0
14,12,0,2,58,0
11,78,1,30,241,0
18,75,0,17,119,0
10,63,0,29,261,0
11,28,1,29,384,0
8,17,0,15,111,0
8,60,1,18,191,0
8,50,1,17,17,0
15,111,1,10,285,0
15,10,1,17,480,0
11,60,0,10,36,0
9,63,1,28,445,0
14,53,0,11,59,0
13,91,0,25,332,0
11,48,1,18,409,0
12,15,1,19,355,0
10,32,0,21,466,0
8,16,0,20,45,0
16,64,0,15,280,0
18,66,1,14,483,0
11,12,0,15,498,0
8,71,0,19,233,0
9,34,1,18,262,0
17,49,0,22,349,0
16,37,1,25,405,0
13,102,1,22,33,0
14,13,0,29,202,0
17,63,1,2,70,0
17,25,1,8,350,0
8,34,1,22,486,0
11,65,0,11,336,0
8,98,0,12,331,0
17,91,1,16,131,0
15,100,0,20,490,0
16,116,1,8,324,0
8,103,1,18,406,0
15,46,0,12,104,0
10,5,1,1,255,0
12,74,1,16,18,0
8,97,1,7,350,0
13,40,0,26,235,0
13,61,1,17,71,0
14,16,0,25,172,0
10,104,1,10,27,0
14,41,1,10,35,0
9,75,0,19,248,0
11,80,1,11,255,0
13,94,1,21,257,0
11,25,0,3,298,0
10,60,0,11,280,0
18,77,0,24,482,0
14,45,0,14,350,0
12,43,0,19,432,0
18,95,0,12,46,0
10,79,0,29,162,0
16,104,1,14,136,0
8,112,0,23,65,0
10,84,0,15,17,0
8,70,1,2,315,0
13,59,0,22,244,0
14,114,1,29,120,0
16,39,0,11,10,0
11,30,0,5,500,0
14,7,0,26,212,0
14,91,0,27,424,0
11,78,1,10,45,0
18,7,0,26,401,0
8,105,1,19,347,0
12,67,1,7,384,0
14,116,0,14,182,0
17,78,0,21,373,0
14,7,1,3,292,0
10,28,0,12,372,0
18,72,0,17,247,0
15,87,0,15,195,0
16,59,1,30,259,0
14,5,1,28,31,0
9,93,0,17,495,0
8,71,1,24,425,0
8,29,1,18,24,0
17,36,0,7,75,0
15,100,1,6,174,0
18,105,1,23,305,0
17,62,1,29,347,0
18,96,1,16,185,0
15,31,0,28,242,0
17,99,1,28,361,0
10,82,0,9,113,0
10,91,1,15,362,0
18,42,0,5,464,0
17,83,1,4,226,0
16,106,0,7,448,0
11,64,0,11,22,0
10,76,1,8,205,0
15,49,1,6,46,0
17,18,0,1,380,0
18,96,0,17,389,0
11,112,1,10,283,0
13,17,1,9,347,0
10,24,1,3,108,0
16,13,1,21,268,0
13,119,1,13,17,0
11,36,0,28,437,0
13,98,1,5,41,0
9,29,1,8,29,0
14,105,0,15,425,0
10,90,0,21,162,0
11,39,0,23,260,0
16,86,1,17,197,0
18,73,0,14,174,0
16,30,0,30,227,0
8,13,1,13,415,0
10,50,0,19,11,0
9,102,1,1,245,0
10,31,1,4,475,0
10,59,1,30,355,0
17,89,0,1,67,0
13,106,0,22,455,0
8,46,0,17,192,0
15,99,1,7,445,0
15,110,1,6,100,0
14,54,0,7,233,0
13,95,1,10,219,0
14,88,1,8,304,0
9,89,0,1,267,0
8,31,1,19,229,0
11,89,1,16,315,0
9,115,1,25,72,0
11,89,1,25,141,0
12,43,1,28,492,0
11,59,0,13,337,0
15,89,1,12,230,0
8,66,0,28,38,0
10,71,0,9,88,0
16,20,1,28,290,0
17,69,1,6,489,0
15,54,0,11,460,0
16,89,0,3,51,0
18,17,1,14,477,0
18,87,1,18,113,0
8,62,0,29,481,0
8,44,0,8,224,0
14,75,1,28,233,0
9,111,1,29,232,0
9,107,0,25,453,0
16,23,0,18,251,0
16,100,0,5,281,0
12,49,1,26,168,0
11,83,0,6,384,0
10,73,0,28,92,0
17,22,0,17,226,0
13,83,0,25,375,0
17,22,0,6,186,0
16,70,0,4,410,0
13,114,0,10,73,0
17,13,0,12,480,0
10,35,1,14,255,0
14,96,0,4,319,0
17,56,0,27,276,0
12,99,1,19,319,0
14,115,0,22,238,0
11,72,1,3,178,0
12,85,0,28,212,0
18,105,1,5,153,0
15,74,0,9,214,0
9,113,0,14,309,0
13,75,1,25,471,0
10,58,0,11,335,0
15,79,0,10,25,0
15,98,0,26,293,0
18,110,0,4,447,0
16,100,1,24,167,0
14,93,1,16,11,0
18,99,1,28,373,0
17,70,0,22,138,0
12,83,1,27,245,0
18,78,0,13,13,0
8,92,0,30,267,0
8,23,0,20,160,0
10,100,1,15,134,0
13,15,0,16,311,0
13,114,1,9,350,0
15,17,1,16,98,0
9,78,1,28,238,0
18,89,0,24,478,0
14,100,0,3,402,0
15,97,0,24,465,0
11,22,0,4,350,0
9,110,1,12,246,0
9,94,0,11,135,0
17,88,0,2,366,0
9,63,0,19,45,0
15,30,0,23,372,0
18,118,0,2,374,0
14,54,1,23,93,0
8,7,0,26,195,0
15,71,0,15,143,0
11,53,0,18,494,0
15,28,0,9,22,0
11,74,0,8,170,0
13,51,1,22,103,0
15,91,0,15,427,0
13,26,0,4,388,0
16,45,1,5,87,0
16,37,1,8,270,0
11,26,0,25,255,0
15,52,1,8,61,0
11,46,1,27,373,0
18,13,0,1,434,0
13,104,0,25,224,0
12,104,1,26,462,0
12,47,0,6,324,0
14,41,1,2,267,0
15,101,0,19,350,0
9,106,1,21,204,0
10,86,0,18,26,0
12,58,1,28,327,0
17,102,0,30,454,0
17,43,1,10,498,0
10,68,0,13,362,0
17,81,1,13,212,0
17,33,1,22,149,0
13,91,0,14,32,0
17,48,1,9,294,0
9,45,1,10,444,0
14,67,0,10,47,0
10,32,0,2,442,0
12,89,0,29,231,0
18,113,1,26,28,0
10,76,0,4,391,0
12,81,1,12,51,0
16,113,0,12,401,0
16,41,1,6,416,0
17,21,0,1,334,0
13,59,0,5,499,0
8,120,1,2,87,0
11,83,1,17,353,0
18,47,1,1,249,0
17,25,0,10,467,0
13,97,0,7,17,0
16,20,0,10,25,0
10,105,1,24,284,0
15,45,1,11,373,0
11,98,1,11,457,0
15,68,0,6,22,0
13,58,1,17,44,0
16,69,0,14,244,0
12,70,1,21,486,0
9,91,0,7,353,0
9,64,1,26,342,0
9,104,1,17,141,0
16,105,0,14,41,0
8,67,0,17,435,0
14,58,1,25,29,0
9,111,0,22,284,0
11,62,1,5,489,0
17,111,1,15,161,0
14,19,0,14,40,0
17,60,0,29,352,0
10,38,0,11,386,0
13,69,0,24,490,0
13,20,0,13,495,0
16,118,1,15,314,0
16,51,1,29,152,0
13,87,1,10,474,0
13,95,0,24,26,0
13,73,0,30,142,0
9,61,0,2,367,0
10,77,0,15,199,0
15,40,0,29,108,0
16,52,0,9,434,0
12,62,1,2,404,0
15,105,0,16,344,0
18,114,1,23,426,0
18,85,1,12,461,0
11,35,0,2,449,0
9,33,1,19,362,0
17,20,0,18,486,0
17,93,0,19,359,0
13,34,0,2,173,0
15,50,1,29,487,0
10,69,0,10,382,0
9,56,1,8,179,0
13,36,0,3,140,0
9,34,0,14,132,0
12,48,1,9,365,0
9,58,1,4,186,0
15,11,1,13,371,0
14,43,1,13,407,0
13,18,1,27,206,0
9,82,1,30,132,0
16,17,1,18,339,0
13,61,0,16,262,0
14,38,1,6,104,0
15,19,0,3,148,0
12,24,0,5,104,0
8,7,1,11,451,0
9,117,1,21,450,0
14,86,1,10,110,0
17,49,0,16,12,0
15,59,1,8,162,0
9,80,1,7,157,0
9,112,1,4,303,0
18,113,0,12,337,0
11,77,1,20,283,0
15,73,1,11,487,0
14,72,0,25,146,0
18,101,0,23,383,0
14,118,0,10,177,0
17,113,1,29,309,0
14,19,1,7,421,0
15,64,1,26,351,0
18,83,1,7,475,0
12,101,0,12,355,0
12,86,0,5,155,0
18,82,1,23,204,0
16,20,1,5,84,0
9,111,1,29,334,0
12,31,1,1,262,0
10,43,0,12,247,0
9,117,1,9,336,0
15,5,0,13,398,0
9,54,1,13,426,0
10,34,1,1,100,0
12,113,0,24,218,0
17,90,0,15,250,0
12,81,1,13,313,0
14,15,1,9,405,0
17,73,0,22,325,0
17,47,0,14,447,0
10,80,0,19,83,0
13,109,0,21,30,0
10,86,1,12,221,0
18,96,0,26,118,0
18,115,0,13,46,0
16,100,1,3,481,0
10,18,1,19,100,0
14,30,1,8,435,0
8,104,1,18,210,0
10,75,0,6,203,0
8,87,0,11,430,0
9,107,0,13,329,0
17,73,1,28,226,0
10,21,0,13,190,0
16,91,1,4,81,0
16,76,0,11,134,0
11,107,1,1,133,0
18,28,0,30,235,0
15,43,1,4,424,0
10,71,0,8,227,0
12,61,1,18,481,0
18,30,0,22,369,0
8,108,1,1,129,0
10,120,0,22,290,0
18,33,1,28,250,0
16,14,1,10,315,0
18,79,1,16,228,0
12,102,0,4,387,0
17,61,1,24,145,0
17,33,1,6,153,0
12,73,1,27,167,0
14,104,1,21,387,0
12,89,1,26,404,0
10,106,1,25,250,0
18,82,0,13,320,0
10,5,1,3,219,0
9,32,0,16,365,0
15,38,1,20,115,0
14,120,1,8,152,0
13,36,1,21,205,0
15,9,0,21,474,0
8,53,0,12,333,0
8,27,0,13,374,0
16,66,1,29,377,0
12,5,0,17,268,0
17,80,1,30,76,0
16,29,1,9,379,0
9,73,0,27,102,0
11,103,1,13,191,0
13,96,1,13,362,0
13,102,1,2,395,0
17,106,0,20,125,0
15,20,1,22,233,0
10,54,1,12,399,0
8,80,1,27,371,0
8,114,1,1,74,0
9,10,0,13,207,0
12,66,1,13,500,0
12,47,1,8,435,0
18,32,0,30,80,0
18,18,1,20,67,0
17,100,0,7,69,0
11,27,1,6,283,0
8,27,1,20,406,0
16,90,1,1,183,0
11,103,1,9,467,0
17,65,0,16,243,0
14,54,1,16,81,0
10,75,1,8,73,0
10,76,1,26,95,0
13,70,1,17,182,0
15,75,0,14,379,0
12,75,0,4,117,0
14,72,1,26,233,0
12,97,1,12,230,0
10,36,0,3,64,0
16,93,0,3,457,0
11,50,0,5,79,0
18,81,1,8,433,0
11,18,0,23,367,0
12,16,0,23,183,0
11,64,1,19,62,0
13,113,0,11,278,0
17,84,1,17,302,0
15,19,1,13,157,0
9,25,0,27,152,0
12,117,1,25,306,0
18,29,0,23,194,0
12,63,1,14,370,0
10,31,0,15,382,0
10,31,0,4,33,0
10,34,1,28,156,0
17,29,0,9,199,0
15,120,0,4,100,0
17,93,1,13,388,0
11,17,1,7,267,0
11,107,0,16,445,0
16,68,1,28,478,0
10,92,0,28,424,0
8,15,1,25,246,0
11,72,1,15,209,0
13,63,1,23,53,0
12,97,0,13,247,0
18,57,1,25,282,0
9,88,0,22,384,0
16,47,0,14,339,0
16,75,1,19,202,0
8,102,1,14,251,0
10,91,1,15,278,0
13,82,0,10,404,0
14,96,0,14,407,0
10,62,0,22,247,0
8,60,0,12,500,0
8,13,1,6,348,0
11,103,0,16,441,0
13,91,0,8,42,0
11,67,0,15,405,0
17,72,1,2,382,0
9,26,0,13,223,0
18,5,0,15,98,0
14,55,0,3,359,0
18,88,1,6,112,0
10,6,1,3,92,0
12,25,0,6,276,0
12,62,1,18,428,0
11,70,0,2,234,0
10,98,1,18,261,0
13,98,1,25,422,0
9,107,1,13,394,0
10,113,0,2,313,0
10,28,0,28,371,0
14,75,1,1,192,0
14,48,0,9,353,0
12,99,0,12,318,0
18,88,0,28,292,0
13,44,1,29,174,0
17,57,0,4,463,0
16,46,1,21,155,0
10,95,1,18,158,0
15,9,1,15,193,0
8,114,0,19,440,0
16,93,1,15,488,0
17,23,0,19,495,0
13,108,1,22,376,0
14,103,0,26,152,0
18,91,1,23,115,0
12,72,1,17,371,0
8,95,1,23,445,0
14,117,1,1,496,0
18,116,0,16,444,0
14,116,1,29,262,0
16,39,0,2,246,0
18,33,1,11,13,0
16,75,1,6,83,0
13,61,1,10,65,0
18,7,0,9,321,0
12,10,0,28,325,0
10,14,0,3,15,0
13,98,1,25,263,0
8,110,0,30,326,0
11,81,1,23,469,0
18,118,1,18,65,0
17,82,1,28,202,0
8,108,1,6,462,0
9,116,1,1,445,0
13,24,0,26,222,0
9,86,0,14,464,0
15,92,1,28,27,0
15,39,0,20,492,0
8,66,1,6,87,0
15,49,1,10,171,0
16,111,1,12,199,0
9,52,1,8,331,0
15,46,1,14,480,0
12,11,0,6,341,0
9,11,0,21,87,0
17,45,0,16,84,0
13,59,0,8,383,0
17,103,1,1,400,0
11,103,1,25,452,0
9,97,1,27,245,0
18,108,1,9,446,0
17,65,1,14,374,0
17,11,0,26,360,0
12,22,1,20,281,0
13,12,1,16,388,0
14,68,0,6,261,0
8,49,1,17,253,0
10,22,0,23,433,0
16,42,1,9,211,0
13,49,1,19,424,0
12,27,0,18,284,0
18,79,1,29,114,0
10,119,0,25,238,0
14,15,0,13,180,0
8,69,0,21,208,0
10,115,1,17,93,0
17,49,0,6,90,0
18,52,1,16,122,0
8,72,1,7,486,0
16,28,0,2,362,0
14,80,1,4,223,0
12,43,1,13,326,0
18,16,1,22,462,0
9,9,0,20,341,0
13,80,0,20,203,0
13,68,0,3,477,0
11,73,1,13,487,0
14,101,1,28,495,0
16,12,0,25,275,0
8,39,1,19,407,0
8,93,0,17,193,0
8,88,1,25,142,0
17,95,1,13,411,0
15,108,1,14,66,0
12,24,0,16,355,0
9,100,0,13,450,0
10,35,1,8,460,0
13,56,0,20,119,0
15,107,0,28,189,0
11,81,1,13,467,0
11,108,1,27,22,0
11,110,0,26,241,0
10,104,1,22,216,0
11,12,1,29,220,0
14,110,1,29,420,0
10,28,0,7,500,0
17,74,1,13,181,0
14,65,1,14,415,0
11,27,0,1,97,0
12,118,0,24,76,0
16,71,0,17,375,0
16,13,1,10,256,0
17,102,0,24,311,0
12,19,0,25,80,0
15,45,0,30,253,0
11,5,0,1,410,0
10,56,1,4,214,0
18,32,0,17,133,0
10,22,1,5,432,0
13,52,1,20,313,0
10,105,0,2,37,0
13,100,1,21,79,0
12,65,1,22,259,0
12,79,1,6,185,0
17,25,1,8,312,0
13,111,0,10,195,0
12,50,0,27,452,0
13,55,0,19,252,0
15,112,1,18,266,0
13,109,0,17,70,0
15,42,0,23,93,0
18,112,1,6,333,0
14,22,1,7,251,0
13,55,1,20,70,0
9,107,0,26,173,0
11,36,0,27,60,0
17,98,0,16,490,0
8,57,0,10,116,0
11,64,0,20,208,0
11,66,1,28,364,0
14,58,1,10,469,0
9,62,1,22,372,0
14,110,0,30,145,0
13,38,1,12,293,0
16,110,1,3,171,0
12,56,1,5,161,0
17,69,1,12,75,0
8,82,0,16,465,0
16,108,1,19,449,0
17,23,0,20,441,0
11,62,0,7,62,0
10,103,0,23,137,0
10,44,1,7,349,0
11,93,1,26,56,0
9,65,1,23,383,0
17,89,1,19,32,0
14,62,1,19,421,0
13,33,0,28,283,0
18,33,1,23,268,0
14,7,0,6,41,0
12,28,0,15,394,0
16,118,1,8,352,0
18,27,0,22,176,0
16,89,0,25,59,0
17,45,0,13,238,0
8,91,0,12,464,0
8,40,0,5,323,0
18,115,0,14,234,0
8,61,1,13,480,0
15,82,0,17,184,0
17,43,1,9,270,0
9,69,0,6,117,0
12,60,0,20,132,0
12,88,0,11,314,0
17,111,1,13,218,0
15,105,0,22,424,0
18,98,0,17,445,0
8,39,1,16,34,0
8,29,0,24,441,0
9,38,1,27,140,0
11,116,1,19,49,0
18,51,0,14,13,0
11,42,0,15,282,0
10,111,1,1,34,0
14,90,0,29,133,0
11,38,0,20,103,0
13,37,1,21,454,0
18,48,1,16,94,0
13,114,1,26,118,0
14,47,0,19,406,0
8,49,1,7,145,0
14,77,0,24,284,0
12,11,1,16,185,0
18,45,0,28,355,0
10,61,1,24,486,0
18,6,1,7,493,0
14,118,1,29,494,0
18,51,1,22,259,0
15,24,1,7,196,0
17,103,0,5,150,0
13,95,1,18,376,0
16,56,0,14,351,0
13,76,0,14,379,0
12,103,1,23,11,0
10,81,0,6,252,0
17,87,1,23,277,0
14,118,0,5,337,0
16,12,0,1,446,0
16,50,1,6,268,0
12,74,0,6,294,0
11,107,1,10,236,0
10,107,0,4,192,0
18,33,1,1,364,0
11,117,1,14,84,0
12,93,0,28,292,0
16,14,0,24,208,0
16,65,0,20,354,0
9,86,1,22,233,0
18,25,1,27,107,0
13,111,0,13,194,0
8,61,0,7,283,0
18,9,1,22,403,0
17,10,0,5,145,0
13,61,0,7,236,0
9,11,0,3,420,0
8,35,1,8,54,0
16,40,1,26,415,0
10,73,1,13,189,0
9,58,0,28,400,0
13,105,1,26,303,0
11,103,0,26,159,0
13,104,1,22,146,0
11,106,1,26,493,0
16,23,0,16,50,0
9,108,1,11,125,0
8,70,0,11,147,0
15,95,1,26,278,0
9,35,0,4,264,0
15,29,1,3,46,0
10,28,0,14,92,0
12,80,0,10,486,0
12,89,1,24,21,0
16,107,0,15,373,0
14,90,0,6,223,0
12,97,1,20,71,0
14,20,1,23,127,0
16,31,1,8,481,0
17,111,1,24,85,0
17,43,0,19,234,0
17,32,0,1,446,0
9,69,1,28,93,0
8,58,0,14,44,0
17,109,1,28,216,0
12,98,1,8,383,0
10,34,0,14,363,0
17,24,0,11,119,0
16,83,1,25,345,0
10,107,0,11,348,0
15,87,1,6,82,0
9,46,0,15,280,0
13,110,1,13,105,0
8,26,0,16,191,0
18,6,0,26,39,0
13,109,0,24,275,0
15,63,1,4,237,0
17,82,0,21,369,0
14,115,0,3,407,0
14,94,1,2,75,0
11,112,1,25,291,0
15,98,1,24,139,0
18,112,0,13,50,0
12,48,1,24,203,0
12,36,0,12,379,0
16,41,1,21,280,0
9,6,0,16,246,0
17,85,0,16,368,0
14,83,0,25,255,0
14,29,1,10,297,0
10,12,0,21,121,0
11,21,0,24,198,0
14,7,1,22,326,0
8,24,0,9,30,0
12,68,0,1,486,0
17,22,0,4,496,0
15,78,1,12,423,0
14,49,1,8,281,0
9,76,1,3,371,0
16,76,0,18,355,0
15,33,0,13,168,0
9,71,1,7,120,0
15,75,0,14,153,0
8,38,0,29,241,0
9,88,0,3,422,0
15,15,1,12,191,0
14,62,0,17,480,0
12,98,0,3,91,0
17,19,1,19,113,0
17,42,1,18,45,0
10,96,1,24,86,0
18,54,1,26,152,0
10,17,1,26,367,0
12,47,1,14,359,0
12,36,0,20,336,0
16,78,1,15,240,0
16,14,0,30,204,0
13,69,0,5,100,0
14,42,0,6,307,0
10,100,1,23,154,0
15,60,0,2,319,0
14,102,1,17,216,0
12,26,0,8,54,0
11,53,1,24,232,0
9,116,0,6,404,0
15,31,0,23,283,0
14,113,0,7,430,0
17,24,1,23,286,0
9,116,1,15,341,0
15,8,0,3,441,0
9,101,0,16,427,0
14,119,1,8,247,0
15,89,1,11,43,0
15,71,1,5,263,0
18,12,1,14,332,0
13,68,1,28,387,0
14,11,0,18,175,0
12,111,0,13,138,0
17,53,0,21,158,0
8,81,0,21,292,0
13,10,1,2,464,0
9,55,1,19,425,0
10,59,0,22,98,0
13,102,0,13,260,0
18,84,1,30,480,0
8,44,1,5,375,0
12,51,0,13,197,0
14,120,0,1,42,0
10,10,0,26,485,0
15,33,0,29,95,0
16,84,0,27,202,0
11,26,1,29,331,0
8,35,1,22,30,0
9,69,0,4,217,0
8,47,1,24,483,0
12,13,0,8,500,0
12,70,1,13,150,0
11,52,1,19,499,0
9,115,1,25,480,0
14,47,0,4,116,0
17,77,0,28,246,0
9,51,1,3,306,0
18,89,0,11,214,0
10,102,1,18,250,0
10,62,1,12,475,0
9,65,0,21,222,0
14,8,0,26,229,0
13,72,0,9,327,0
18,60,1,3,160,0
8,80,0,12,395,0
8,25,0,18,70,0
13,22,1,21,163,0
9,32,1,27,246,0
12,41,0,16,334,0
8,105,1,30,113,0
15,78,0,26,231,0
12,23,1,26,126,0
18,53,1,3,19,0
17,114,0,1,118,0
13,35,1,26,23,0
12,45,1,29,70,0
18,70,0,8,308,0
8,27,1,19,454,0
10,79,0,10,269,0
13,105,1,26,158,0
9,92,0,8,344,0
8,103,0,26,415,0
17,112,0,30,208,0
10,86,0,22,56,0
12,18,1,1,471,0
14,35,1,8,428,0
16,61,1,14,359,0
14,21,0,1,70,0
13,13,1,8,247,0
17,73,1,10,30,0
12,20,1,3,342,0
13,70,0,6,425,0
8,67,1,13,369,0
9,37,1,13,241,0
8,19,0,13,43,0
8,110,1,10,368,0
12,59,0,25,106,0
12,14,1,2,84,0
12,21,0,7,418,0
10,18,0,27,85,0
18,43,1,3,315,0
12,55,0,13,60,0
15,54,1,28,147,0
10,43,1,6,423,0
8,101,0,1,19,0
12,98,1,12,22,0
13,94,1,11,39,0
11,74,0,27,438,0
13,63,0,8,298,0
16,97,1,11,95,0
8,75,1,17,210,0
18,25,1,12,423,0
8,25,1,24,426,0
17,113,1,26,116,0
11,87,0,23,187,0
15,35,1,28,432,0
11,32,0,22,97,0
16,95,1,20,418,0
10,103,1,11,173,0
16,118,0,30,496,0
8,52,0,11,159,0
17,36,0,27,347,0
18,78,0,2,122,0
16,45,1,13,378,0
8,20,1,7,216,0
12,95,1,2,140,0
18,85,0,13,459,0
13,27,1,16,32,0
12,56,1,1,229,0
9,117,1,30,72,0
11,84,1,1,297,0
8,74,1,11,443,0
10,101,0,10,222,0
11,43,0,14,103,0
13,9,1,22,496,0
18,53,0,5,448,0
10,20,0,1,389,0
17,28,1,14,204,0
18,96,0,5,108,0
16,30,1,26,462,0
17,90,1,12,498,0
15,114,0,1,31,0
15,96,1,29,58,0
13,116,0,20,39,0
17,92,1,7,410,0
11,96,1,9,363,0
8,81,0,15,395,0
16,23,0,21,221,0
18,93,0,27,168,0
9,114,1,10,68,0
15,42,0,24,316,0
9,87,0,3,311,0
12,104,0,24,11,0
13,105,1,18,12,0
11,52,1,22,124,0
13,47,1,22,473,0
10,111,1,10,275,0
15,112,0,4,171,0
8,35,0,6,342,0
15,62,1,24,183,0
16,56,1,24,454,0
16,82,1,3,488,0
15,61,0,21,360,0
13,112,1,30,21,0
18,10,1,29,331,0
15,30,1,2,298,0
9,28,0,6,319,0
17,9,0,5,295,0
8,105,1,14,123,0
17,104,1,5,102,0
9,33,0,11,84,0
12,19,0,23,422,0
13,10,1,18,487,0
16,46,1,18,141,0
9,39,1,1,265,0
8,14,0,20,185,0
18,61,0,5,158,0
8,113,0,26,325,0
17,54,0,29,315,0
9,27,0,6,304,0
14,19,0,26,84,0
13,109,0,19,479,0
17,73,0,11,227,0
15,91,1,14,450,0
8,90,0,7,462,0
10,92,1,5,293,0
17,74,1,11,278,0
15,106,1,9,89,0
12,69,1,13,187,0
18,35,0,18,43,0
12,12,1,18,405,0
17,45,1,9,459,0
10,97,0,12,50,0
9,26,0,14,140,0
15,84,0,12,250,0
17,50,1,19,337,0
16,21,1,2,248,0
16,103,0,11,215,0
8,10,1,6,267,0
16,83,0,20,325,0
14,56,1,17,373,0
12,47,0,10,85,0
8,35,1,16,439,0
8,6,0,5,67,0
16,60,0,6,324,0
8,10,1,14,273,0
17,36,1,15,336,0
11,54,1,22,411,0
18,53,1,22,14,0
10,14,0,27,396,0
9,55,1,20,315,0
8,104,1,10,295,0
17,120,0,21,223,0
14,76,0,28,480,0
18,24,0,20,139,0
15,88,0,10,396,0
15,115,1,3,489,0
17,7,0,14,352,0
9,34,0,16,299,0
16,60,0,23,385,0
12,101,1,17,456,0
14,54,0,14,209,0
11,34,1,12,347,0
15,11,0,9,290,0
15,89,0,4,472,0
8,28,0,20,476,0
17,97,1,9,430,0
12,112,1,30,436,0
11,57,1,7,319,0
13,80,1,25,485,0
10,103,0,21,62,0
11,32,0,28,199,0
10,14,0,29,143,0
9,38,0,5,81,0
10,93,1,28,230,0
8,96,0,2,438,0
13,89,1,30,369,0
8,67,0,14,267,0
12,85,1,21,397,0
12,24,1,12,289,0
16,32,0,3,105,0
10,117,1,26,359,0
16,60,1,30,274,0
11,22,0,7,232,0
13,104,0,30,335,0
14,113,1,6,316,0
10,100,0,10,101,0
8,34,0,1,310,0
10,82,0,1,401,0
11,49,0,28,241,0
9,114,1,2,195,0
15,118,1,12,450,0
9,12,1,18,304,0
18,6,1,19,411,0
10,12,0,25,178,0
18,12,1,22,218,0
10,14,1,29,405,0
14,11,0,9,103,0
9,84,0,19,310,0
14,17,0,26,136,0
8,115,0,30,330,0
10,45,0,1,188,0
8,81,1,2,101,0
8,90,1,24,297,0
12,24,0,27,442,0
17,107,0,24,73,0
12,75,1,17,274,0
11,68,1,27,382,0
9,76,0,11,283,0
18,57,1,15,89,0
18,48,1,10,343,0
8,9,1,25,448,0
18,107,0,9,168,0
18,95,1,1,379,0
10,79,1,9,425,0
15,42,0,25,59,0
9,54,1,25,298,0
13,5,1,27,125,0
11,111,0,21,311,0
15,31,1,21,244,0
8,46,1,7,239,0
15,55,1,14,122,0
11,103,1,10,80,0
15,44,1,9,425,0
11,59,1,15,243,0
8,60,1,24,422,0
11,56,1,5,108,0
11,43,0,27,466,0
9,54,1,8,78,0
15,9,1,12,434,0
9,79,1,1,484,0
13,90,0,16,147,0
11,19,1,17,209,0
9,73,0,21,309,0
13,114,1,3,390,0
13,100,0,10,69,0
15,41,0,6,149,0
18,30,1,11,84,0
13,17,0,15,405,0
10,37,1,19,352,0
18,47,1,12,146,0
12,120,1,21,75,0
17,50,1,9,340,0
11,113,0,24,27,0
13,43,1,23,198,0
17,10,1,9,271,0
15,51,1,29,40,0
16,88,1,23,391,0
14,115,1,1,487,0
11,64,1,19,435,0
18,20,0,1,41,0
14,116,0,2,350,0
16,77,1,9,19,0
14,32,1,9,188,0
10,69,0,16,226,0
12,62,0,25,355,0
14,12,1,11,84,0
18,109,0,28,38,0
8,93,1,8,406,0
9,13,1,24,143,0
17,91,0,4,423,0
16,93,0,1,371,0
11,55,0,6,396,0
12,5,1,14,74,0
11,110,1,15,202,0
15,100,0,7,25,0
14,5,0,11,110,0
14,89,1,19,450,0
12,5,1,8,98,0
13,36,1,25,26,0
13,32,0,16,355,0
14,44,1,21,322,0
12,19,0,9,334,0
18,18,0,9,14,0
12,68,1,1,184,0
14,34,1,30,369,0
17,106,0,25,198,0
13,91,0,21,486,0
11,5,1,30,290,0
17,15,0,18,110,0
11,97,0,18,398,0
18,55,0,8,410,0
17,97,1,24,191,0
13,52,1,10,444,0
9,65,1,8,158,0
14,7,0,28,295,0
17,35,1,26,275,0
11,97,1,22,493,0
15,13,1,20,62,0
8,72,1,23,441,0
18,42,0,4,224,0
14,24,0,21,276,0
9,86,0,5,89,0
16,8,1,22,354,0
18,119,1,5,18,0
9,89,1,14,187,0
14,101,0,16,61,0
9,92,1,14,62,0
8,47,1,2,481,0
9,78,0,28,184,0
17,26,1,4,342,0
15,72,1,22,257,0
15,65,0,26,375,0
16,113,0,28,351,0
14,15,1,7,382,0
14,62,0,8,397,0
16,96,0,18,30,0
14,88,1,9,100,0
12,7,1,2,124,0
9,99,1,4,306,0
16,57,0,28,360,0
12,106,0,26,457,0
12,58,0,9,204,0
8,85,1,7,238,0
15,71,1,7,119,0
14,66,0,23,320,0
17,31,1,18,265,0
15,67,0,12,454,0
9,57,0,28,214,0
15,17,1,6,275,0
9,38,0,7,384,0
11,118,0,21,477,0
15,105,1,19,500,0
9,72,1,27,491,0
10,61,0,17,470,0
10,73,0,29,38,0
9,94,0,6,224,0
15,16,0,23,69,0
12,97,0,1,298,0
9,11,0,10,411,0
10,43,0,26,440,0
14,14,0,21,20,0
10,116,1,22,154,0
13,64,0,8,100,0
8,73,0,21,188,0
18,97,0,18,73,0
11,108,0,21,374,0
16,46,0,24,78,0
10,6,1,4,371,0
13,51,0,13,325,0
13,7,0,20,252,0
18,119,1,18,443,0
13,108,1,22,354,0
9,28,1,23,96,0
18,91,1,4,372,0
8,114,0,30,450,0
10,56,0,14,393,0
13,80,0,1,223,0
18,14,1,8,318,0
11,105,1,19,99,0
14,101,1,17,379,0
13,73,1,24,335,0
15,96,0,1,249,0
9,69,0,27,201,0
18,119,0,21,216,0
12,25,1,3,38,0
10,108,0,2,265,0
12,41,0,13,130,0
10,58,0,17,24,0
8,23,1,23,458,0
15,97,1,28,124,0
11,86,1,17,451,0
15,91,1,21,416,0
13,8,1,16,380,0
18,45,1,8,52,0
8,98,0,25,429,0
8,21,0,23,223,0
13,104,1,5,273,0
12,53,0,9,82,0
10,110,1,18,317,0
8,71,0,29,334,0
18,21,1,22,394,0
14,115,0,8,92,0
18,78,1,2,398,0
13,6,1,18,168,0
12,73,0,9,203,0
13,98,1,20,284,0
14,52,0,9,328,0
10,89,1,22,127,0
14,6,0,15,452,0
11,24,0,1,65,0
11,23,1,9,327,0
12,8,1,12,171,0
17,39,1,29,364,0
8,30,0,7,116,0
9,9,0,8,297,0
13,102,0,27,141,0
17,49,1,29,436,0
8,64,0,30,369,0
15,71,1,28,181,0
12,12,1,19,385,0
8,59,1,2,148,0
18,66,0,24,203,0
16,37,0,7,261,0
16,18,0,1,28,0
16,30,0,25,268,0
10,82,1,14,90,0
16,52,0,6,110,0
11,6,0,8,364,0
16,30,1,24,212,0
14,35,0,16,377,0
16,119,0,18,227,0
12,57,1,7,44,0
15,36,1,30,455,0
8,10,0,16,306,0
11,92,0,19,267,0
16,42,0,4,104,0
13,42,0,23,422,0
8,62,1,6,439,0
9,17,1,3,136,0
16,69,0,19,419,0
9,68,0,20,486,0
13,13,1,6,73,0
10,112,0,9,63,0
14,110,0,15,200,0
18,35,1,27,199,0
8,62,0,6,126,0
17,53,0,23,202,0
9,56,0,15,314,0
14,43,0,29,341,0
13,51,0,9,62,0
13,78,0,1,202,0
17,64,1,26,240,0
17,119,1,23,492,0
13,9,1,14,203,0
13,26,1,2,475,0
11,92,1,16,157,0
15,15,1,11,189,0
10,88,1,26,129,0
9,34,1,8,292,0
14,92,0,24,161,0
13,81,1,24,296,0
17,114,1,24,445,0
14,76,0,19,127,0
10,49,1,27,333,0
13,70,1,5,232,0
12,104,0,10,391,0
14,33,0,4,139,0
12,75,1,23,411,0
9,17,0,16,96,0
9,53,1,7,55,0
16,47,0,30,166,0
13,27,0,2,184,0
11,55,0,11,375,0
10,43,1,5,300,0
17,56,0,22,316,0
16,76,1,21,215,0
9,83,1,18,457,0
11,43,1,17,121,0
10,64,1,27,40,0
17,8,0,25,41,0
8,110,1,5,187,0
14,33,1,5,226,0
18,75,1,8,18,0
16,92,1,8,19,0
17,6,0,13,118,0
15,73,1,22,270,0
13,71,1,24,100,0
14,116,1,16,88,0
15,65,0,9,425,0
14,5,0,5,177,0
14,115,1,30,281,0
15,105,0,16,373,0
14,46,0,21,385,0
11,78,1,13,405,0
14,56,1,6,302,0
11,67,1,29,335,0
8,38,0,10,55,0
8,68,0,24,107,0
8,86,1,27,483,0
11,118,0,25,475,0
14,13,1,17,69,0
14,78,0,24,391,0
11,12,0,23,120,0
11,95,0,6,371,0
17,68,0,10,51,0
11,22,0,19,103,0
8,85,1,16,375,0
12,100,1,30,191,0
9,95,0,17,480,0
14,17,0,24,276,0
15,80,0,5,461,0
9,95,0,9,134,0
14,51,0,16,218,0
13,27,0,30,468,0
11,120,1,7,130,0
9,117,0,11,133,0
14,76,0,19,72,0
15,10,1,26,231,0
10,46,1,5,45,0
12,83,1,20,233,0
12,59,1,14,107,0
11,36,0,1,414,0
18,5,0,24,66,0
16,15,0,17,450,0
16,16,1,9,317,0
9,119,1,30,192,0
9,118,1,16,303,0
11,55,1,15,98,0
13,55,1,7,445,0
16,27,0,5,395,0
15,38,0,12,287,0
11,106,1,4,211,0
8,84,1,25,308,0
9,12,0,12,296,0
15,32,1,29,412,0
11,12,0,7,381,0
8,113,1,6,354,0
16,71,1,6,367,0
13,67,0,27,491,0
8,120,0,9,180,0
17,34,0,22,147,0
14,5,0,13,120,0
18,45,1,23,268,0
17,88,0,6,187,0
18,23,1,26,41,0
12,76,0,1,64,0
12,31,0,2,33,0
13,48,1,8,452,0
14,12,0,29,161,0
14,109,0,27,384,0
11,118,1,28,244,0
16,105,1,6,14,0
16,111,0,8,160,0
15,44,1,29,372,0
9,102,0,21,155,0
18,25,1,22,499,0
8,101,0,22,444,0
15,34,1,12,444,0
13,38,0,6,247,0
12,99,1,30,492,0
15,21,0,2,298,0
16,78,1,10,339,0
15,50,1,9,314,0
15,45,1,4,353,0
9,46,1,30,282,0
10,76,1,13,101,0
17,6,1,2,286,0
10,24,1,13,360,0
10,6,0,26,338,0
16,85,0,24,28,0
9,67,1,15,97,0
10,53,1,19,209,0
13,82,0,3,242,0
18,66,1,13,470,0
9,29,0,18,485,0
11,89,1,6,367,0
10,50,0,10,322,0
9,45,0,12,62,0
13,115,1,15,28,0
17,65,1,26,50,0
16,36,0,10,140,0
13,108,1,3,88,0
12,67,0,19,457,0
13,6,0,26,390,0
16,49,0,27,292,0
9,87,1,8,378,0
14,83,0,7,320,0
15,96,0,30,287,0
17,32,1,16,179,0
13,79,1,7,376,0
17,89,0,4,167,0
11,91,0,13,456,0
16,106,0,15,377,0
10,114,1,1,73,0
16,107,0,22,453,0
13,82,0,17,382,0
17,6,1,4,439,0
16,86,1,24,141,0
10,80,1,27,261,0
15,29,0,2,305,0
13,67,0,9,30,0
13,119,1,21,91,0
9,40,1,5,362,0
9,53,1,16,303,0
17,77,1,27,256,0
8,12,0,6,110,0
17,102,1,1,263,0
16,83,0,11,57,0
10,48,0,12,75,0
13,8,1,18,77,0
12,18,0,14,376,0
11,78,0,13,17,0
9,39,0,26,127,0
9,22,1,14,411,0
16,57,0,11,228,0
15,27,1,7,174,0
12,49,0,9,443,0
8,76,0,14,341,0
13,92,1,17,230,0
11,84,1,22,181,0
18,73,1,15,10,0
12,71,1,18,378,0
8,58,0,5,154,0
11,74,0,30,27,0
12,30,0,12,305,0
16,12,1,7,76,0
17,66,1,7,462,0
8,69,0,21,266,0
14,55,1,13,77,0
8,110,1,17,310,0
14,22,1,20,294,0
9,26,1,23,391,0
13,89,1,2,226,0
11,95,1,5,183,0
14,6,1,8,271,0
15,5,1,27,456,0
10,102,0,15,99,0
8,112,0,14,180,0
11,39,1,27,138,0
14,89,1,14,215,0
9,6,0,29,451,0
12,39,1,1,142,0
10,113,1,2,85,0
14,103,0,25,274,0
12,29,1,29,357,0
9,5,0,20,240,0
14,31,0,14,244,0
13,16,1,19,57,0
12,88,1,22,472,0
12,53,0,5,344,0
12,6,0,12,282,0
13,31,0,19,100,0
10,65,1,3,146,0
12,20,1,25,243,0
9,80,1,11,253,0
11,73,1,8,264,0
10,81,1,20,326,0
18,112,1,3,268,0
10,80,0,22,90,0
9,50,0,8,103,0
15,61,1,20,142,0
11,87,1,17,102,0
18,94,1,5,178,0
16,70,0,15,494,0
9,87,1,21,95,0
16,69,0,9,163,0
14,67,1,9,268,0
18,108,1,7,297,0
9,51,1,14,167,0
17,9,1,6,369,0
12,51,1,11,336,0
8,28,0,21,35,0
15,97,0,11,336,0
18,67,0,14,150,0
17,37,0,3,255,0
12,27,1,27,276,0
16,97,1,13,242,0
14,80,0,27,210,0
10,94,0,11,110,0
18,119,1,16,113,0
17,108,1,5,151,0
14,64,1,19,414,0
14,71,1,9,373,0
10,100,1,16,449,0
11,107,1,1,268,0
10,83,1,2,328,0
16,32,0,5,497,0
8,119,0,8,78,0
9,76,1,29,381,0
12,115,0,16,85,0
11,59,1,30,49,0
10,64,1,16,329,0
16,107,1,4,126,0
14,85,1,30,292,0
12,65,1,19,302,0
9,29,0,25,87,0
18,67,0,27,231,0
8,59,0,14,100,0
11,51,1,21,50,0
8,77,1,14,406,0
10,45,0,24,30,0
18,79,1,23,338,0
17,11,1,23,341,0
13,41,1,27,99,0
11,52,0,12,98,0
8,34,0,23,121,0
13,33,1,16,427,0
10,75,1,1,457,0
11,70,0,11,98,0
14,105,1,22,367,0
14,44,1,26,429,0
16,17,1,19,486,0
8,41,1,27,346,0
14,103,1,13,190,0
12,54,0,1,462,0
15,39,0,1,56,0
14,44,0,16,169,0
14,65,1,29,43,0
10,99,0,12,268,0
10,110,1,29,361,0
11,24,1,29,70,0
10,112,0,27,72,0
9,32,0,11,461,0
8,32,1,10,48,0
12,119,0,18,214,0
8,6,1,1,392,0
12,19,0,12,181,0
12,69,0,19,168,0
10,95,0,9,212,0
9,74,0,5,95,0
10,62,0,17,301,0
16,13,0,6,469,0
18,47,0,5,134,0
12,114,1,19,483,0
13,58,0,19,349,0
11,50,1,29,285,0
16,81,0,5,408,0
15,72,0,29,196,0
15,45,1,15,466,0
18,27,1,30,61,0
9,19,1,25,219,0
11,66,0,17,36,0
10,106,1,21,197,0
16,49,0,25,307,0
17,107,0,15,156,0
10,85,0,8,251,0
10,76,1,12,88,0
13,46,1,27,183,0
8,71,0,15,35,0
14,93,1,2,181,0
9,50,1,6,185,0
9,55,1,4,337,0
12,106,1,13,291,0
10,22,0,27,179,0
9,12,1,28,439,0
12,14,0,9,238,0
15,64,0,13,307,0
8,38,0,5,219,0
9,68,0,28,460,0
17,79,0,15,202,0
15,16,1,4,483,0
17,45,0,21,446,0
12,93,1,14,71,0
9,29,0,21,28,0
15,78,0,10,225,0
11,40,1,17,271,0
16,89,0,12,293,0
15,54,1,5,420,0
14,56,1,3,181,0
11,46,1,6,490,0
17,92,1,12,74,0
8,60,1,24,164,0
12,89,0,22,318,0
9,41,1,14,470,0
18,38,1,14,217,0
9,75,1,9,59,0
13,15,0,24,125,0
16,84,1,18,337,0
14,86,0,21,188,0
11,50,0,2,353,0
11,10,1,12,319,0
12,88,0,5,336,0
13,7,0,27,354,0
8,106,0,7,241,0
10,56,0,24,137,0
14,5,0,29,333,0
9,54,1,23,478,0
13,111,1,14,25,0
16,69,0,29,213,0
17,119,1,17,84,0
12,64,1,20,336,0
10,91,1,4,149,0
13,78,1,27,373,0
18,56,0,25,374,0
10,66,0,8,450,0
14,12,1,10,82,0
15,97,0,28,481,0
16,54,0,8,48,0
16,37,1,11,155,0
9,60,1,21,43,0
17,79,1,15,344,0
9,110,0,3,159,0
13,46,0,28,267,0
12,50,0,17,129,0
15,6,0,24,207,0
15,60,1,7,496,0
17,96,1,23,160,0
13,30,1,21,211,0
17,110,0,29,395,0
18,56,1,16,225,0
12,118,1,30,340,0
11,18,0,2,282,0
11,47,0,21,223,0
11,107,1,27,77,0
9,47,1,19,354,0
8,57,0,17,407,0
12,77,1,1,200,0
13,66,0,16,139,0
12,67,0,12,433,0
17,9,0,12,367,0
8,120,1,23,463,0
13,11,0,26,74,0
8,61,0,5,145,0
17,6,0,9,473,0
13,52,0,24,450,0
18,120,1,11,457,0
12,88,1,11,411,0
8,115,0,23,458,0
17,14,0,23,140,0
12,77,0,14,451,0
15,120,0,2,468,0
12,63,0,26,423,0
15,40,1,14,63,0
16,8,1,19,474,0
16,48,1,11,441,0
14,79,1,7,206,0
17,42,0,2,472,0
18,118,0,12,422,0
18,67,0,30,292,0
12,59,0,11,394,0
8,17,1,30,318,0
14,89,1,9,408,0
8,34,0,27,293,0
14,62,1,14,294,0
8,49,0,27,344,0
8,37,0,5,88,0
18,44,0,7,473,0
8,118,0,27,319,0
15,86,0,16,127,0
10,100,0,19,425,0
9,35,1,1,443,0
14,69,1,23,230,0
13,33,0,15,265,0
18,28,1,21,68,0
10,84,1,18,39,0
16,20,0,5,112,0
15,39,1,26,369,0
14,11,0,2,347,0
8,46,1,14,222,0
8,112,1,11,44,0
18,72,0,11,480,0
8,113,1,1,453,0
12,81,1,6,302,0
11,110,1,28,13,0
11,88,1,26,222,0
9,25,1,1,168,0
11,92,1,29,86,0
15,66,0,9,383,0
17,110,0,27,420,0
18,67,0,2,120,0
14,93,1,10,361,0
10,31,0,21,491,0
17,116,1,21,244,0
18,106,0,20,450,0
12,91,1,27,287,0
10,42,1,28,79,0
8,68,1,3,140,0
14,42,1,15,59,0
16,104,1,2,197,0
8,7,1,10,226,0
8,83,0,23,95,0
17,118,0,1,169,0
15,8,1,7,306,0
13,21,1,8,309,0
18,98,1,18,253,0
17,54,0,30,487,0
17,96,1,5,266,0
11,112,0,9,284,0
14,44,1,7,225,0
12,91,0,13,496,0
16,94,0,16,387,0
14,64,0,26,314,0
13,89,0,16,115,0
11,53,0,4,469,0
13,111,1,8,457,0
13,77,1,21,327,0
13,94,1,3,483,0
18,10,1,28,105,0
9,40,0,8,245,0
11,119,0,8,74,0
10,108,0,13,56,0
11,87,1,28,206,0
12,97,0,6,492,0
16,45,0,10,246,0
15,100,0,3,393,0
18,61,1,23,156,0
18,56,1,30,394,0
9,104,0,14,140,0
9,28,0,5,333,0
12,28,0,14,30,0
14,46,0,25,164,0
10,42,1,3,133,0
8,70,0,27,37,0
11,53,1,12,225,0
15,51,0,25,107,0
18,68,0,25,358,0
17,93,1,4,390,0
16,56,0,26,28,0
14,81,1,30,446,0
11,40,1,11,389,0
12,57,0,8,101,0
11,62,0,2,307,0
10,109,0,22,44,0
10,64,0,24,25,0
18,79,0,19,411,0
17,40,1,30,11,0
12,108,0,27,72,0
18,52,1,24,258,0
12,74,1,29,229,0
13,111,1,11,23,0
14,54,1,26,262,0
16,27,0,19,498,0
16,43,0,8,236,0
14,77,1,15,76,0
14,32,1,9,460,0
16,24,1,19,276,0
9,34,0,8,459,0
8,61,0,15,271,0
11,18,0,18,212,0
9,70,1,30,255,0
13,52,0,13,146,0
9,36,1,3,416,0
13,113,0,3,302,0
9,77,0,4,431,0
15,16,1,25,331,0
10,60,0,8,430,0
11,99,0,12,180,0
15,43,0,8,416,0
13,59,1,30,17,0
17,9,1,13,273,0
13,14,0,28,408,0
15,44,0,23,40,0
11,65,0,11,439,0
10,37,1,26,211,0
14,40,0,1,53,0
14,92,1,14,472,0
8,101,1,28,165,0
11,38,1,16,18,0
14,117,1,24,76,0
13,76,1,3,389,0
12,8,0,23,317,0
18,89,0,22,212,0
8,100,0,4,319,0
12,23,0,25,478,0
13,110,0,16,351,0
15,8,0,19,113,0
11,69,1,17,49,0
9,25,0,6,240,0
14,19,0,13,454,0
17,7,1,27,412,0
12,78,1,4,284,0
10,101,0,19,498,0
13,35,0,16,445,0
11,119,0,19,404,0
18,63,1,22,161,0
18,87,0,29,404,0
14,47,1,3,388,0
10,54,0,19,361,0
11,116,0,18,350,0
17,93,0,2,499,0
14,18,0,6,372,0
10,103,0,28,10,0
12,71,1,1,93,0
9,118,1,21,370,0
15,117,1,7,229,0
10,45,0,1,145,0
17,15,0,3,226,0
14,117,0,10,441,0
18,50,1,22,75,0
12,62,1,24,463,0
11,86,0,8,95,0
10,53,1,27,471,0
15,42,0,13,427,0
15,10,1,17,313,0
10,79,1,7,57,0
12,47,0,13,292,0
13,78,0,2,492,0
11,79,1,5,344,0
18,27,1,16,215,0
9,52,0,3,499,0
18,58,1,22,395,0
12,79,0,5,311,0
10,119,1,30,49,0
10,66,0,30,372,0
10,63,1,17,336,0
18,88,1,23,126,0
16,68,0,12,120,0
17,17,1,10,387,0
16,24,0,26,475,0
8,117,0,9,193,0
9,91,1,24,170,0
15,36,1,2,456,0
12,42,1,22,255,0
18,59,0,12,259,0
17,59,0,11,270,0
10,18,0,18,143,0
10,11,0,6,367,0
10,21,1,24,481,0
9,63,1,10,251,0
14,119,0,20,438,0
10,91,1,29,103,0
16,11,1,26,494,0
11,93,1,25,344,0
13,6,1,16,154,0
15,58,0,9,66,0
12,25,1,8,118,0
8,73,1,11,476,0
16,50,1,2,120,0
11,56,1,12,44,0
11,86,0,10,485,0
10,57,1,16,60,0
8,10,1,28,280,0
14,28,1,1,43,0
15,47,0,8,218,0
9,23,0,17,200,0
9,8,1,18,300,0
18,96,1,25,182,0
13,82,1,12,464,0
14,29,1,7,14,0
12,48,1,26,170,0
11,10,0,11,201,0
11,46,1,15,276,0
8,9,1,24,407,0
9,84,1,9,323,0
11,54,1,23,392,0
9,44,1,7,344,0
8,90,0,26,370,0
9,86,1,9,485,0
8,114,1,3,241,0
17,70,0,8,198,0
18,71,1,5,144,0
15,115,1,17,41,0
10,43,1,14,228,0
8,74,0,19,46,0
9,24,0,20,340,0
13,79,0,30,206,0
10,65,0,22,235,0
18,53,0,18,277,0
11,49,1,13,393,0
12,72,0,24,200,0
17,94,1,23,251,0
14,111,1,8,401,0
12,7,0,1,151,0
12,90,1,13,307,0
11,87,1,6,85,0
9,120,1,29,59,0
17,57,1,17,127,0
17,56,0,25,344,0
18,32,1,7,497,0
10,26,1,20,272,0
10,23,0,24,181,0
17,8,0,15,452,0
11,45,1,21,441,0
8,41,1,20,32,0
15,112,1,3,487,0
13,92,0,19,237,0
17,6,1,6,410,0
8,78,0,6,379,0
15,11,1,14,242,0
16,58,1,25,271,0
16,38,0,10,23,0
15,10,1,8,417,0
18,25,0,4,325,0
10,28,1,5,84,0
17,7,1,18,67,0
15,66,1,8,199,0
12,107,0,2,222,0
16,88,0,26,334,0
16,87,1,7,223,0
17,12,0,19,406,0
11,12,1,29,491,0
11,85,0,26,113,0
12,104,0,5,25,0
15,34,1,30,409,0
12,6,1,14,150,0
16,13,0,18,388,0
9,25,1,24,296,0
13,91,0,20,215,0
12,12,0,27,90,0
14,46,1,20,329,0
17,81,1,20,495,0
12,115,0,18,174,0
9,64,1,7,385,0
18,16,1,3,71,0
18,118,0,2,308,0
8,92,1,3,373,0
9,9,1,2,111,0
17,29,0,24,153,0
12,113,0,13,91,0
12,63,1,30,227,0
18,100,0,11,123,0
8,81,0,26,132,0
18,89,1,22,53,0
18,8,1,25,272,0
11,89,0,27,145,0
12,84,1,2,291,0
11,99,1,9,329,0
11,88,0,13,144,0
16,77,1,5,359,0
11,107,0,2,49,0
10,79,1,16,281,0
12,9,1,22,472,0
11,102,0,3,112,0
16,106,0,25,172,0
8,20,1,10,290,0
17,66,1,12,328,0
8,58,0,1,347,0
12,106,0,25,14,0
13,106,1,9,121,0
15,79,1,29,62,0
15,85,1,18,71,0
10,111,0,16,297,0
15,50,1,13,90,0
12,17,0,29,43,0
8,67,1,8,489,0
13,59,0,8,286,0
10,65,1,29,497,0
14,71,0,22,357,0
15,26,1,14,351,0
13,89,0,30,256,0
18,94,1,3,181,0
10,19,1,19,362,0
10,81,1,19,371,0
15,79,1,18,341,0
8,45,1,24,477,0
12,29,1,7,52,0
13,114,0,19,434,0
18,107,1,13,283,0
17,67,1,24,89,0
16,36,1,28,419,0
8,38,1,21,65,0
17,30,1,11,52,0
12,46,1,26,243,0
8,49,0,9,319,0
15,63,1,27,162,0
17,59,0,22,312,0
8,26,0,7,452,0
13,48,1,27,445,0
17,73,1,15,112,0
12,104,1,14,398,0
9,17,1,5,216,0
18,69,0,5,77,0
15,13,0,6,352,0
11,68,1,19,482,0
13,116,1,28,208,0
10,107,1,8,156,0
8,44,1,2,107,0
13,56,1,22,458,0
8,40,1,26,199,0
16,50,1,22,389,0
14,19,0,22,443,0
17,17,1,16,500,0
10,48,0,17,164,0
16,85,0,14,93,0
13,5,1,11,453,0
18,8,0,15,478,0
13,62,0,21,349,0
14,14,0,9,445,0
13,52,1,14,117,0
14,40,1,8,326,0
15,29,0,25,307,0
14,75,1,10,77,0
18,29,0,4,142,0
13,105,1,11,342,0
15,111,1,1,145,0
10,96,0,24,68,0
9,27,1,2,130,0
12,96,0,30,326,0
10,88,1,10,394,0
14,100,1,14,256,0
8,108,1,11,226,0
18,84,1,17,499,0
14,114,1,29,387,0
16,33,1,29,450,0
11,108,0,30,161,0
14,119,0,23,54,0
15,106,0,30,343,0
17,47,1,30,162,0
8,25,1,9,296,0
15,41,1,6,192,0
8,7,1,2,178,0
17,54,1,3,466,0
17,68,1,22,278,0
13,97,0,18,103,0
18,104,0,3,394,0
11,47,1,19,217,0
18,15,1,1,378,0
11,27,0,2,437,0
8,82,0,13,133,0
18,76,0,12,430,0
8,114,0,1,456,0
18,15,1,3,484,0
16,53,1,22,62,0
17,62,1,15,53,0
11,31,1,6,278,0
12,11,0,20,184,0
13,63,0,21,230,0
11,97,0,2,259,0
15,96,0,7,387,0
9,100,0,19,469,0
10,96,1,5,240,0
10,54,1,9,496,0
12,42,1,4,80,0
13,98,1,23,117,0
13,54,0,24,318,0
16,10,1,28,100,0
12,91,1,18,378,0
11,59,1,30,366,0
12,56,0,29,46,0
11,94,1,24,197,0
8,46,1,5,70,0
18,74,0,23,387,0
15,54,0,23,480,0
12,39,1,16,435,0
12,66,1,28,99,0
18,16,0,25,23,0
14,88,1,6,74,0
14,85,1,5,423,0
18,69,1,29,18,0
17,90,0,25,422,0
10,21,1,1,316,0
11,106,0,9,457,0
17,62,1,25,148,0
9,51,1,3,147,0
8,83,1,7,38,0
13,40,0,25,64,0
15,95,0,28,203,0
13,99,0,21,450,0
14,85,0,28,208,0
10,91,1,29,318,0
16,32,0,16,388,0
10,61,1,10,73,0
18,50,0,28,347,0
11,77,0,25,380,0
13,49,0,6,420,0
11,33,0,11,178,0
12,20,0,29,353,0
11,53,1,27,124,0
16,81,1,3,274,0
17,103,1,5,394,0
13,117,1,2,369,0
16,41,1,21,421,0
9,103,0,19,494,0
12,20,1,10,483,0
18,43,1,12,281,0
14,73,1,4,215,0
8,86,1,11,400,0
9,92,1,26,324,0
16,119,1,6,370,0
16,70,0,21,42,0
18,28,0,14,55,0
10,85,0,8,351,0
11,83,0,16,12,0
14,52,1,14,424,0
11,66,0,23,67,0
9,13,0,8,447,0
10,72,0,26,234,0
16,39,1,29,168,0
9,56,0,7,181,0
14,43,0,12,55,0
16,50,0,25,279,0
13,65,1,17,282,0
18,44,1,19,255,0
15,94,1,11,291,0
15,61,1,27,39,0
15,113,1,26,106,0
15,47,0,23,206,0
15,95,1,7,147,0
9,30,0,21,186,0
18,85,0,30,64,0
17,22,0,13,352,0
18,114,0,14,485,0
9,9,1,10,280,0
14,28,1,4,83,0
10,70,1,18,120,0
18,95,1,27,14,0
9,12,1,14,79,0
8,63,1,11,378,0
9,111,1,5,117,0
11,95,0,6,213,0
17,45,1,3,396,0
14,72,1,26,483,0
16,116,0,26,187,0
12,114,0,11,215,0
14,27,1,22,27,0
15,89,0,17,283,0
15,92,0,17,69,0
16,103,1,9,187,0
17,78,0,28,279,0
16,55,1,20,468,0
9,50,0,9,100,0
16,120,1,21,480,0
8,36,1,14,283,0
17,62,0,30,119,0
9,107,0,28,119,0
16,10,0,22,401,0
13,99,1,2,54,0
11,106,0,13,212,0
17,47,0,25,351,0
14,34,1,14,84,0
12,46,1,13,38,0
15,10,0,29,484,0
9,87,1,30,406,0
9,119,0,27,153,0
16,92,0,4,223,0
15,46,1,27,496,0
17,60,1,27,436,0
16,13,0,29,441,0
8,117,0,11,483,0
8,54,1,24,190,0
15,18,1,24,498,0
9,19,1,25,467,0
10,25,1,12,476,0
12,48,1,15,18,0
16,5,0,9,114,0
14,6,0,19,316,0
11,118,1,30,175,0
17,16,0,29,248,0
17,40,0,27,123,0
16,100,0,23,128,0
9,120,0,7,25,0
12,48,0,21,379,0
14,48,1,1,151,0
18,65,0,12,273,0
14,70,1,13,51,0
13,66,0,1,141,0
14,59,0,26,46,0
14,110,1,6,128,0
14,111,0,5,429,0
18,97,0,2,334,0
14,32,0,15,397,0
14,12,0,3,380,0
12,73,0,12,329,0
18,109,1,17,43,0
13,34,1,26,257,0
14,52,0,26,385,0
13,91,0,8,497,0
11,25,1,10,39,0
18,5,0,28,230,0
16,38,1,13,499,0
8,99,1,6,470,0
11,113,1,1,408,0
12,15,0,17,206,0
12,72,0,26,112,0
11,54,0,28,377,0
11,27,0,16,270,0
17,59,1,2,359,0
18,33,0,20,299,0
13,10,0,1,93,0
18,34,1,8,30,0
16,19,0,2,23,0
12,47,0,19,80,0
11,30,1,30,63,0
18,110,0,25,324,0
18,67,0,19,201,0
17,35,1,9,414,0
16,106,0,17,136,0
17,17,0,14,31,0
16,66,0,20,174,0
11,93,0,29,430,0
13,95,1,22,221,0
13,94,1,3,340,0
11,67,1,1,31,0
15,50,1,22,101,0
14,53,0,27,154,0
9,84,0,18,204,0
8,89,1,5,297,0
9,101,0,20,199,0
9,42,1,6,232,0
9,102,1,16,113,0
15,44,1,17,342,0
8,13,0,25,108,0
10,14,0,4,213,0
10,100,1,14,58,0
17,56,0,6,273,0
8,64,1,19,457,0
9,53,1,2,48,0
10,22,0,9,381,0
15,98,0,12,46,0
13,47,1,15,336,0
15,97,1,25,440,0
16,8,1,8,347,0
11,101,1,25,467,0
10,24,0,29,221,0
11,99,0,11,245,0
10,30,1,30,141,0
11,78,0,26,467,0
10,72,1,30,493,0
8,89,1,12,175,0
15,59,0,20,436,0
10,96,1,27,447,0
16,25,0,20,361,0
10,61,0,29,36,0
15,90,1,25,445,0
17,56,1,22,353,0
9,120,0,20,381,0
16,38,0,9,383,0
18,89,0,8,364,0
14,8,1,16,230,0
13,117,1,10,58,0
12,43,0,5,295,0
8,15,1,7,94,0
10,53,0,1,22,0
15,24,0,18,331,0
18,63,1,27,324,0
18,47,1,2,325,0
12,19,0,29,118,0
18,77,0,25,32,0
8,73,0,1,189,0
10,93,1,24,415,0
17,90,0,9,273,0
9,105,1,30,468,0
13,28,1,18,40,0
11,105,0,6,477,0
17,119,0,7,141,0
10,116,0,30,319,0
17,42,0,16,291,0
9,61,0,9,68,0
16,63,0,6,67,0
11,61,1,13,370,0
9,83,0,29,136,0
11,33,0,29,362,0
12,11,0,18,445,0
18,41,0,29,68,0
12,62,1,18,156,0
16,74,1,17,489,0
12,37,0,5,116,0
12,120,1,24,196,0
8,38,0,27,51,0
16,16,1,9,402,0
16,84,1,9,148,0
15,91,0,16,373,0
9,73,1,19,405,0
17,73,0,14,401,0
9,94,0,18,412,0
9,52,1,8,330,0
8,80,1,17,152,0
15,72,0,12,117,0
13,79,1,21,309,0
8,27,1,11,318,0
14,32,0,16,99,0
9,31,1,27,167,0
11,36,0,16,114,0
10,57,0,27,67,0
14,14,1,4,237,0
14,120,1,26,293,0
8,11,1,4,28,0
13,34,1,29,394,0
16,47,1,25,385,0
8,14,0,4,114,0
16,52,0,2,341,0
16,57,1,6,182,0
13,101,0,12,489,0
15,109,0,13,311,0
15,79,1,13,467,0
18,38,0,19,369,0
9,73,0,10,273,0
15,22,1,9,304,0
12,47,1,4,276,0
13,26,1,21,404,0
15,8,0,1,332,0
10,108,1,19,173,0
8,83,1,28,359,0
9,40,1,12,401,0
12,92,0,8,364,0
13,33,0,4,135,0
8,23,1,8,416,0
10,55,1,29,70,0
8,65,0,29,194,0
10,27,0,19,373,0
9,7,1,15,441,0
15,115,0,19,446,0
14,56,1,1,133,0
12,83,1,19,145,0
9,34,1,25,293,0
10,93,0,29,450,0
9,60,1,5,497,0
11,70,1,27,467,0
18,64,1,2,73,0
15,10,1,9,83,0
10,92,0,27,364,0
11,97,1,9,54,0
12,113,1,9,360,0
11,43,0,10,259,0
17,75,1,5,358,0
14,51,0,7,163,0
11,9,1,10,318,0
13,50,0,18,320,0
13,14,1,22,157,0
17,52,1,8,161,0
12,78,1,6,344,0
8,22,1,17,298,0
10,114,1,16,245,0
12,8,1,13,415,0
13,8,1,12,38,0
15,60,0,16,492,0
15,57,1,16,83,0
11,10,0,13,473,0
15,119,0,29,348,0
17,98,0,3,351,0
9,93,1,26,423,0
11,83,0,16,251,0
12,111,0,19,230,0
8,109,0,1,348,0
15,56,1,24,325,0
18,91,0,3,154,0
18,30,0,13,93,0
10,98,0,30,184,0
8,78,0,12,309,0
11,30,1,7,309,0
15,114,0,10,375,0
8,116,1,2,72,0
15,59,0,13,68,0
18,12,1,6,182,0
14,77,1,9,151,0
15,63,1,3,239,0
15,109,0,24,175,0
11,119,0,18,354,0
8,16,1,5,123,0
9,104,1,18,171,0
18,84,0,30,304,0
18,29,1,12,212,0
12,9,1,12,368,0
17,37,1,14,443,0
10,116,0,17,232,0
11,30,1,3,237,0
10,91,0,26,246,0
16,103,0,5,479,0
16,99,1,10,98,0
13,56,1,9,32,0
8,115,0,4,136,0
9,82,1,30,123,0
17,77,0,14,44,0
17,55,1,1,471,0
16,23,0,4,110,0
17,27,1,15,262,0
11,49,1,27,399,0
11,111,0,20,289,0
18,120,1,17,181,0
12,93,0,18,303,0
17,32,0,20,350,0
11,107,0,30,282,0
10,45,0,23,53,0
17,61,1,1,347,0
17,89,1,11,404,0
16,104,0,27,202,0
18,56,0,16,300,0
18,42,1,1,448,0
8,118,0,22,18,0
13,111,0,1,330,0
15,39,0,27,39,0
15,49,1,28,284,0
8,58,0,26,216,0
8,10,0,5,436,0
17,31,1,20,70,0
17,84,0,19,205,0
9,60,0,15,287,0
8,110,1,26,36,0
9,77,1,25,481,0
15,51,0,13,188,0
9,71,0,12,74,0
18,93,0,27,291,0
16,26,0,6,12,0
8,20,0,29,105,0
13,63,1,11,156,0
13,117,0,17,162,0
15,61,1,28,219,0
8,93,0,9,402,0
9,87,0,6,68,0
8,45,0,27,458,0
9,114,0,27,354,0
15,91,1,2,484,0
16,28,0,29,487,0
18,105,1,29,398,0
15,89,1,25,139,0
17,58,0,27,182,0
10,70,1,8,459,0
11,91,0,8,381,0
10,24,1,8,267,0
9,49,1,5,421,0
15,109,0,29,204,0
13,116,0,19,161,0
9,27,0,6,137,0
15,13,0,20,88,0
16,68,1,17,190,0
13,10,0,9,188,0
12,30,0,10,494,0
9,30,0,12,379,0
8,106,0,3,447,0
13,116,1,11,479,0
17,43,1,19,87,0
9,111,1,9,214,0
10,111,1,22,145,0
9,64,0,5,15,0
15,47,1,26,316,0
18,64,0,26,18,0
18,38,1,19,334,0
13,44,1,11,388,0
11,90,1,2,72,0
10,101,1,15,36,0
14,114,1,5,346,0
18,11,1,8,85,0
15,68,0,16,105,0
9,16,0,14,96,0
14,103,0,17,335,0
12,77,1,29,449,0
18,39,1,9,20,0
8,30,0,27,156,0
13,66,1,16,305,0
12,62,0,19,500,0
13,116,1,29,188,0
13,33,1,22,331,0
12,12,0,27,12,0
13,87,1,16,494,0
11,94,1,6,245,0
11,65,1,11,195,0
12,16,0,11,198,0
9,90,0,22,369,0
16,53,1,9,279,0
18,72,1,7,78,0
18,75,1,3,329,0
9,48,0,8,459,0
17,77,1,16,92,0
16,33,1,10,447,0
13,64,1,17,42,0
8,5,0,19,410,0
14,75,1,1,186,0
15,69,1,26,87,0
14,90,0,1,347,0
9,42,0,26,248,0
14,20,1,15,210,0
17,26,1,3,254,0
10,83,0,3,139,0
18,107,1,30,300,0
15,6,0,13,215,0
18,53,0,29,92,0
8,52,0,18,94,0
9,103,0,18,279,0
17,5,1,2,270,0
11,45,0,6,366,0
11,17,0,24,403,0
17,82,0,24,139,0
11,62,0,26,23,0
12,13,0,10,76,0
13,69,0,23,335,0
13,55,1,9,191,0
13,18,1,22,38,0
17,37,1,23,92,0
16,52,1,2,490,0
8,69,0,20,470,0
18,114,0,11,268,0
17,93,1,3,178,0
9,74,0,14,343,0
15,59,1,24,171,0
8,53,0,3,86,0
14,46,1,25,428,0
11,69,0,25,196,0
18,44,0,1,248,0
10,99,1,1,29,0
13,93,1,23,163,0
14,42,1,22,41,0
17,9,1,27,313,0
11,26,1,16,404,0
18,53,0,15,225,0
9,39,1,12,320,0
12,23,0,4,352,0
18,24,0,26,357,0
11,48,1,2,321,0
13,107,0,27,306,0
8,48,1,22,308,0
13,31,0,14,280,0
9,56,0,9,344,0
18,49,1,22,480,0
14,114,1,19,330,0
14,54,1,9,177,0
8,7,0,30,471,0
9,60,0,15,185,0
9,81,0,7,271,0
17,65,1,12,83,0
18,59,1,23,365,0
17,28,0,24,107,0
16,61,1,26,242,0
11,33,0,20,446,0
9,110,1,18,305,0
17,69,1,6,125,0
12,50,1,2,257,0
18,27,0,20,148,0
12,88,0,5,490,0
10,21,0,16,369,0
18,22,0,17,98,0
12,88,1,12,428,0
11,88,0,28,245,0
18,45,0,26,247,0
11,34,0,11,12,0
18,111,1,9,73,0
11,24,1,7,262,0
14,66,0,6,437,0
13,52,1,27,144,0
13,101,1,24,36,0
15,70,1,26,176,0
11,8,1,4,331,0
15,39,0,3,160,0
16,101,0,9,31,0
10,49,0,10,210,0
17,83,0,21,18,0
10,19,0,18,206,0
9,103,1,18,288,0
12,72,0,19,134,0
16,74,1,1,34,0
9,64,1,18,323,0
16,107,1,7,437,0
13,115,1,23,313,0
11,120,1,17,155,0
12,114,0,6,333,0
8,34,1,28,40,0
14,46,0,22,399,0
17,39,0,9,476,0
12,85,1,30,480,0
11,100,0,8,349,0
14,40,1,17,36,0
11,88,0,9,337,0
14,43,0,10,347,0
8,90,0,10,173,0
10,10,0,11,336,0
9,40,0,28,479,0
18,48,1,23,241,0
9,80,0,14,164,0
12,95,1,14,351,0
15,64,1,19,148,0
18,6,0,14,331,0
10,99,1,7,355,0
16,42,1,25,74,0
15,95,0,30,307,0
18,53,0,13,153,0
12,48,1,21,301,0
13,90,0,7,48,0
14,98,1,28,142,0
9,34,0,22,362,0
10,29,0,3,419,0
16,29,0,3,387,0
17,65,1,22,471,0
13,109,1,5,99,0
17,115,0,20,330,0
15,84,0,13,484,0
18,81,0,7,14,0
15,51,0,6,16,0
17,5,0,22,460,0
11,12,1,16,188,0
9,72,0,10,467,0
14,85,0,19,152,0
15,89,1,19,181,0
15,85,0,3,307,0
18,93,0,21,247,0
8,86,1,19,455,0
16,23,1,10,18,0
13,23,0,23,141,0
9,93,1,29,280,0
18,93,1,7,314,0
13,25,0,20,445,0
18,32,1,27,362,0
17,69,1,29,443,0
16,114,1,29,207,0
18,39,0,20,385,0
8,28,1,18,465,0
13,43,0,17,299,0
12,101,0,1,280,0
11,108,1,14,467,0
14,20,1,3,387,0
13,80,0,10,273,0
11,10,1,18,17,0
14,49,1,18,442,0
8,33,1,2,92,0
14,39,1,15,202,0
12,62,1,20,371,0
18,69,1,24,25,0
11,40,0,7,450,0
18,111,1,19,427,0
18,116,1,18,285,0
15,54,0,12,105,0
12,18,0,7,183,0
10,69,1,25,40,0
17,114,0,17,77,0
10,88,1,14,214,0
18,18,0,11,359,0
8,56,1,13,375,0
13,60,1,27,418,0
18,54,1,24,384,0
17,64,1,25,428,0
17,92,0,11,302,0
12,6,0,23,159,0
8,102,0,12,281,0
16,80,1,4,64,0
15,81,1,5,407,0
9,29,1,29,101,0
11,8,1,7,379,0
18,77,1,3,246,0
13,114,0,14,225,0
10,68,0,18,368,0
14,73,0,26,53,0
16,113,0,28,230,0
14,41,1,7,415,0
17,19,1,26,161,0
13,64,0,25,112,0
17,11,0,22,485,0
17,53,1,26,251,0
9,14,1,2,444,0
13,30,1,21,253,0
12,56,0,9,233,0
8,75,1,24,417,0
13,93,1,24,142,0
12,40,0,19,437,0
10,99,0,27,426,0
18,87,1,21,10,0
12,118,1,13,426,0
10,50,1,28,421,0
12,108,0,12,344,0
10,35,1,3,208,0
12,50,0,18,320,0
10,79,0,2,429,0
10,13,0,3,92,0
18,91,0,1,418,0
13,99,1,5,29,0
9,48,1,16,448,0
12,29,1,7,91,0
13,79,0,8,199,0
13,78,1,13,201,0
15,18,1,29,212,0
13,16,0,25,205,0
8,47,1,4,456,0
11,120,0,27,126,0
18,68,0,9,393,0
18,69,1,18,465,0
8,46,0,2,206,0
11,63,0,17,22,0
10,13,1,13,64,0
17,50,1,30,134,0
11,69,0,18,56,0
8,29,0,6,464,0
16,87,1,24,438,0
11,37,0,1,264,0
10,59,1,6,44,0
18,9,0,22,73,0
12,34,1,21,133,0
9,79,0,5,133,0
8,86,1,27,432,0
10,36,1,16,463,0
16,64,1,14,451,0
13,55,0,7,132,0
18,24,0,2,451,0
17,22,1,1,51,0
15,27,1,10,134,0
16,5,1,23,37,0
9,18,0,18,281,0
14,54,1,13,339,0
9,106,0,7,179,0
18,40,0,25,355,0
18,101,1,26,381,0
15,32,0,1,360,0
10,99,1,28,155,0
8,43,1,15,407,0
10,30,0,15,486,0
18,104,1,15,172,0
8,91,0,14,314,0
9,104,0,18,58,0
9,12,1,19,389,0
14,17,0,17,42,0
17,81,0,2,95,0
9,117,0,29,362,0
16,106,1,5,73,0
8,12,1,8,278,0
16,46,1,16,228,0
8,120,0,22,466,0
15,119,0,14,365,0
11,9,0,28,117,0
12,91,0,12,151,0
11,43,1,16,46,0
12,95,1,23,20,0
15,94,1,11,70,0
18,14,1,6,394,0
9,67,1,1,427,0
11,115,1,13,290,0
12,60,1,19,53,0
10,119,0,12,105,0
9,101,0,29,34,0
8,76,1,2,239,0
16,116,0,2,20,0
8,54,0,11,38,0
12,105,0,1,442,0
11,62,0,25,81,0
15,13,0,29,39,0
8,10,0,7,19,0
17,77,1,4,246,0
11,42,0,21,496,0
12,106,0,13,489,0
12,38,1,12,275,0
14,14,1,10,321,0
12,68,1,1,28,0
15,107,1,17,311,0
12,118,0,27,18,0
12,81,0,26,212,0
11,113,0,19,187,0
14,98,0,12,399,0
8,35,1,1,247,0
12,114,1,13,205,0
18,35,1,2,153,0
10,97,0,12,15,0
11,88,0,13,350,0
18,103,0,5,428,0
12,54,0,24,128,0
13,58,0,3,62,0
12,63,1,14,407,0
9,61,1,6,313,0
13,46,1,17,195,0
14,27,0,30,233,0
18,44,1,25,67,0
8,110,1,25,213,0
8,53,1,24,90,0
11,64,0,30,294,0
15,30,0,8,64,0
9,47,0,10,45,0
16,40,1,3,247,0
12,67,0,20,366,0
11,27,0,16,319,0
8,88,0,17,195,0
13,96,1,29,488,0
12,29,0,1,274,0
15,16,0,16,442,0
18,74,0,23,89,0
17,46,1,20,241,0
16,107,0,12,304,0
10,63,1,7,96,0
17,109,1,14,97,0
16,99,1,1,98,0
14,41,1,19,306,0
16,86,1,12,174,0
14,61,0,7,241,0
15,35,0,25,220,0
13,12,1,1,217,0
15,35,0,7,85,0
12,24,1,28,198,0
15,45,1,10,84,0
12,78,1,17,96,0
11,72,1,27,287,0
12,97,0,17,434,0
14,71,1,15,124,0
18,23,0,29,368,0
15,76,1,2,434,0
17,89,1,24,108,0
8,18,1,8,147,0
11,84,0,5,370,0
8,71,0,9,418,0
16,48,0,17,357,0
17,40,1,2,147,0
8,106,0,29,189,0
14,65,0,27,389,0
12,44,1,25,119,0
15,104,0,7,485,0
9,23,1,12,233,0
14,119,1,23,495,0
12,14,0,2,93,0
10,26,1,29,63,0
9,44,0,17,440,0
12,71,1,22,25,0
13,108,1,6,141,0
18,13,0,27,157,0
11,66,1,20,48,0
9,35,1,19,298,0
15,97,0,30,325,0
11,20,0,19,435,0
13,79,0,26,396,0
9,67,0,19,133,0
12,80,1,23,12,0
15,12,1,19,185,0
17,23,0,18,111,0
13,48,1,28,301,0
11,112,1,28,128,0
10,72,0,25,498,0
17,24,1,3,277,0
13,115,0,15,33,0
10,15,0,5,143,0
13,64,0,16,277,0
13,82,1,25,466,0
17,58,0,26,402,0
14,30,0,16,245,0
12,17,0,5,372,0
16,11,1,19,84,0
14,33,0,14,230,0
13,6,0,2,397,0
13,49,0,7,355,0
11,12,1,21,471,0
17,108,1,28,265,0
12,11,1,29,320,0
10,82,0,2,38,0
13,78,0,22,300,0
13,75,0,25,306,0
10,22,1,13,447,0
12,87,1,12,199,0
15,59,0,7,36,0
15,70,1,21,253,0
17,51,0,29,139,0
12,15,1,9,438,0
15,25,1,17,113,0
13,48,0,15,159,0
17,101,1,26,32,0
12,17,0,20,143,0
18,8,0,5,250,0
17,67,1,1,381,0
13,86,0,2,51,0
18,113,1,3,40,0
8,52,0,20,432,0
16,118,1,10,289,0
13,22,0,28,140,0
12,107,1,9,86,0
9,58,0,18,487,0
15,90,0,3,315,0
9,64,0,10,411,0
9,75,1,10,76,0
17,118,0,19,396,0
10,52,0,30,347,0
12,56,0,12,462,0
10,44,1,29,418,0
17,83,1,1,133,0
16,118,0,27,452,0
9,102,0,26,287,0
14,11,1,1,393,0
16,94,1,9,203,0
16,20,0,17,461,0
16,117,0,25,294,0
10,120,0,14,223,0
11,28,0,13,147,0
14,23,0,4,295,0
15,8,0,15,236,0
8,101,1,26,284,0
8,43,0,2,314,0
15,54,1,29,285,0
10,102,0,26,83,0
15,115,1,11,104,0
9,61,0,16,253,0
17,79,0,2,80,0
14,53,1,11,479,0
13,79,0,5,126,0
13,27,1,22,11,0
18,11,1,2,162,0
12,109,0,8,64,0
13,93,0,30,401,0
16,27,0,26,345,0
18,45,1,6,479,0
8,50,1,29,11,0
10,93,1,8,459,0
16,30,0,3,120,0
8,25,1,9,150,0
12,84,1,20,184,0
16,59,1,16,137,0
12,45,1,5,80,0
13,58,0,15,427,0
16,96,1,9,176,0
13,90,0,28,31,0
9,32,0,23,74,0
12,28,0,8,52,0
17,30,0,29,418,0
15,77,1,10,446,0
11,11,0,8,71,0
11,97,1,26,434,0
10,17,1,13,293,0
18,17,1,3,344,0
8,94,1,29,260,0
10,67,1,23,500,0
15,41,1,28,145,0
9,87,1,16,348,0
17,48,1,19,114,0
14,113,0,13,441,0
11,62,1,29,83,0
8,19,1,19,303,0
18,107,1,21,36,0
16,114,0,23,102,0
18,79,1,15,172,0
12,85,1,4,128,0
11,6,1,12,348,0
13,104,1,3,194,0
18,15,0,22,296,0
12,85,0,12,226,0
18,70,0,13,199,0
18,100,1,7,310,0
14,9,1,5,220,0
9,23,0,21,400,0
8,63,1,20,143,0
16,108,0,12,371,0
16,58,0,13,288,0
13,45,1,20,295,0
9,32,1,23,457,0
14,88,0,6,409,0
9,72,0,15,185,0
13,103,1,27,87,0
8,39,0,21,404,0
14,28,1,24,356,0
11,112,1,20,420,0
10,59,1,14,83,0
10,92,1,7,315,0
14,55,0,4,298,0
16,99,1,29,145,0
8,16,1,1,488,0
15,29,1,23,479,0
12,41,1,16,432,0
10,63,0,27,154,0
11,59,0,14,275,0
8,55,0,2,388,0
13,116,0,2,225,0
17,113,1,3,488,0
13,45,0,20,172,0
9,93,1,17,91,0
16,71,0,27,313,0
16,58,1,13,264,0
16,116,1,21,221,0
18,7,0,20,432,0
12,42,1,12,180,0
13,14,0,27,352,0
12,58,1,26,215,0
15,53,0,5,263,0
8,99,0,22,243,0
8,105,0,19,86,0
16,11,0,2,161,0
12,89,1,21,403,0
18,22,0,28,180,0
10,32,1,14,334,0
17,33,1,16,306,0
17,109,1,1,222,0
13,77,1,4,449,0
13,22,1,8,490,0
11,17,1,11,397,0
12,114,1,3,125,0
18,97,0,1,455,0
9,9,1,1,165,0
15,120,1,25,106,0
16,97,0,19,311,0
12,71,0,1,74,0
12,92,1,9,264,0
18,31,1,8,381,0
18,38,0,6,496,0
17,42,1,5,321,0
10,37,1,30,167,0
12,52,0,10,152,0
9,67,0,27,208,0
18,114,0,19,212,0
13,91,1,19,51,0
15,19,1,18,289,0
11,38,1,14,268,0
15,53,1,4,52,0
17,95,0,16,293,0
9,105,0,25,222,0
11,40,1,1,74,0
14,90,1,27,422,0
17,69,0,10,381,0
14,103,0,1,292,0
13,6,0,25,375,0
13,113,0,11,164,0
11,93,0,6,302,0
11,44,0,30,472,0
13,97,1,23,434,0
15,11,0,2,127,0
18,109,1,7,200,0
18,41,1,19,267,0
10,58,0,8,412,0
10,36,1,12,490,0
14,12,1,25,365,0
12,45,0,3,441,0
17,99,1,25,126,0
14,27,0,4,26,0
18,71,1,6,178,0
17,20,1,13,454,0
15,109,0,29,461,0
14,59,1,3,16,0
15,87,1,10,282,0
15,64,0,10,439,0
16,36,0,17,432,0
13,12,0,26,369,0
11,106,0,21,383,0
12,21,1,16,252,0
11,41,1,8,153,0
8,44,0,15,422,0
9,10,0,9,68,0
10,94,0,2,205,0
18,9,0,17,462,0
10,90,0,13,98,0
8,95,1,27,278,0
14,63,1,7,97,0
18,85,0,25,266,0
9,103,1,24,68,0
18,24,1,12,33,0
17,22,0,4,56,0
11,26,0,28,358,0
10,51,0,4,358,0
11,70,1,26,462,0
13,56,1,9,323,0
11,14,0,22,475,0
14,117,0,14,71,0
17,25,0,18,412,0
11,110,1,11,481,0
18,90,1,18,422,0
10,9,0,21,330,0
8,54,1,14,108,0
8,64,0,10,286,0
17,103,1,4,283,0
8,53,0,14,468,0
11,30,0,16,292,0
11,23,1,19,365,0
8,72,1,22,113,0
16,34,1,4,272,0
9,20,0,8,402,0
12,5,0,2,448,0
14,47,1,12,136,0
15,33,0,20,335,0
18,116,1,7,391,0
10,24,0,18,75,0
13,30,0,19,234,0
9,92,1,20,36,0
12,42,1,20,59,0
13,79,1,15,322,0
12,91,1,12,273,0
12,48,0,23,332,0
11,101,0,30,101,0
16,92,1,28,188,0
17,42,1,12,348,0
18,113,0,21,36,0
13,114,1,23,86,0
8,109,1,5,217,0
13,23,0,27,307,0
15,36,1,19,227,0
17,52,1,8,425,0
8,41,1,15,111,0
14,86,0,24,435,0
9,26,1,26,51,0
11,6,0,8,296,0
8,40,0,21,51,0
10,69,1,9,164,0
11,31,0,16,211,0
10,82,0,28,458,0
18,30,1,18,425,0
14,119,1,28,189,0
17,21,1,7,401,0
8,7,1,17,297,0
12,7,0,5,407,0
17,29,1,9,191,0
13,36,1,5,240,0
16,112,1,30,53,0
17,64,1,8,218,0
8,25,1,21,198,0
18,72,1,14,118,0
18,23,0,12,219,0
11,11,1,23,472,0
14,16,0,15,376,0
8,66,1,10,374,0
11,36,1,1,246,0
10,105,1,13,155,0
13,111,1,9,253,0
8,16,0,5,110,0
12,8,1,22,166,0
17,97,0,19,388,0
13,67,0,3,161,0
17,94,1,13,214,0
17,42,1,9,337,0
14,18,1,24,172,0
15,20,0,28,92,0
16,118,0,6,201,0
17,51,0,29,63,0
13,18,1,10,239,0
13,56,1,6,166,0
14,74,0,21,248,0
17,10,0,16,18,0
14,31,0,22,171,0
15,73,0,18,459,0
9,117,0,9,31,0
17,71,1,3,24,0
12,54,0,18,391,0
18,23,1,9,382,0
12,10,1,5,85,0
17,31,0,7,442,0
17,41,1,20,71,0
9,61,1,14,232,0
11,36,1,5,64,0
17,8,1,17,315,0
10,80,1,27,285,0
8,81,1,28,238,0
8,66,0,24,390,0
8,117,1,4,281,0
16,52,0,16,178,0
11,26,0,2,223,0
15,79,0,9,63,0
11,111,1,20,246,0
13,76,1,25,202,0
11,30,0,14,374,0
12,53,1,7,119,0
11,29,0,6,130,0
10,103,1,3,391,0
11,80,0,11,209,0
15,114,0,8,307,0
15,116,1,14,362,0
11,116,1,23,75,0
14,13,0,11,368,0
11,106,0,24,446,0
11,52,1,5,210,0
8,120,1,13,488,0
18,87,0,16,47,0
18,75,0,9,183,0
10,22,1,5,99,0
15,43,1,6,457,0
9,69,0,24,358,0
16,99,1,3,387,0
17,109,1,22,360,0
14,49,1,3,281,0
13,31,0,15,80,0
12,49,0,5,11,0
15,88,1,21,211,0
9,73,0,18,58,0
10,68,0,13,188,0
18,41,1,15,14,0
10,67,0,7,403,0
15,109,1,23,435,0
15,39,0,23,358,0
14,15,0,20,76,0
15,116,1,15,466,0
16,74,1,15,324,0
9,74,1,16,298,0
10,55,1,29,425,0
9,47,0,7,143,0
8,50,0,8,265,0
14,45,1,13,301,0
14,76,1,19,482,0
12,24,1,25,359,0
10,96,0,24,383,0
9,52,1,22,361,0
14,31,0,22,342,0
13,35,0,24,448,0
16,118,1,7,242,0
8,99,1,18,495,0
12,119,0,7,97,0
16,59,0,17,428,0
12,75,0,4,354,0
15,78,0,27,155,0
9,63,1,27,434,0
9,41,0,4,70,0
9,70,0,29,240,0
17,80,1,21,244,0
16,100,1,14,163,0
9,113,0,21,188,0
15,113,1,26,474,0
11,119,1,21,83,0
13,5,0,20,31,0
18,97,0,27,75,0
17,49,1,9,349,0
14,32,0,27,149,0
18,83,0,4,211,0
11,51,1,24,228,0
14,24,0,29,16,0
17,40,0,2,262,0
10,37,0,5,47,0
14,20,0,25,371,0
17,76,0,13,173,0
8,81,0,25,71,0
18,16,0,7,388,0
8,39,0,11,214,0
14,40,1,13,229,0
15,48,0,15,192,0
12,50,0,11,363,0
18,12,0,22,174,0
15,93,0,15,226,0
12,66,0,11,241,0
17,43,1,30,20,0
10,12,0,17,237,0
8,99,0,8,167,0
8,110,1,30,455,0
16,14,1,29,266,0
10,39,1,28,84,0
18,88,1,9,164,0
9,80,0,19,385,0
17,93,0,3,301,0
12,109,0,17,71,0
11,107,0,29,86,0
9,10,0,27,336,0
9,68,1,17,388,0
18,119,1,4,319,0
8,70,1,28,170,0
11,79,0,21,149,0
8,8,1,6,203,0
8,81,1,12,93,0
13,60,1,20,171,0
17,60,1,23,175,0
9,56,1,20,480,0
10,84,0,14,318,0
12,16,0,13,90,0
10,58,0,15,100,0
15,101,0,2,340,0
14,104,0,23,188,0
8,111,0,16,356,0
8,102,0,29,448,0
9,102,1,3,277,0
10,56,0,18,469,0
16,21,0,27,183,0
15,38,0,16,461,0
9,101,1,2,348,0
15,90,1,2,350,0
10,25,0,29,328,0
17,99,1,11,26,0
18,18,1,7,289,0
14,59,0,28,470,0
8,105,1,17,160,0
11,116,1,9,42,0
9,65,1,29,96,0
11,44,0,26,491,0
15,100,1,12,476,0
9,28,1,7,406,0
9,10,1,21,51,0
11,36,0,19,476,0
16,48,1,5,27,0
17,53,1,22,111,0
12,69,1,20,51,0
9,68,1,24,38,0
13,83,0,23,178,0
13,28,1,3,48,0
12,30,1,27,233,0
14,100,1,24,14,0
9,28,1,30,180,0
9,48,0,6,92,0
18,39,1,1,422,0
8,108,0,1,263,0
9,94,0,3,99,0
13,102,0,1,412,0
13,97,1,21,404,0
14,93,1,16,48,0
9,87,1,30,224,0
8,90,0,6,425,0
11,13,1,25,76,0
8,78,1,13,99,0
17,33,0,4,202,0
11,97,0,11,347,0
9,24,0,24,219,0
12,97,1,30,116,0
18,101,0,5,306,0
16,111,1,21,116,0
17,62,1,20,480,0
11,32,0,24,416,0
11,45,1,20,487,0
16,28,1,10,39,0
9,107,0,28,37,0
9,64,1,11,284,0
15,118,1,25,356,0
17,57,1,9,183,0
8,84,1,2,243,0
14,10,1,11,288,0
18,93,1,4,66,0
16,76,0,2,106,0
10,58,1,9,397,0
9,80,0,8,485,0
12,22,0,5,315,0
9,85,1,1,260,0
11,102,0,24,118,0
16,34,1,10,328,0
16,62,0,13,335,0
17,108,0,6,407,0
17,106,0,13,148,0
8,63,1,17,78,0
11,65,0,30,414,0
12,105,1,20,245,0
11,5,1,12,218,0
14,68,0,24,119,0
9,43,1,16,376,0
16,120,1,7,480,0
18,51,1,19,396,0
13,59,1,24,264,0
17,50,1,17,114,0
8,67,0,7,358,0
17,55,1,2,413,0
9,92,0,1,487,0
12,27,0,19,106,0
12,55,1,22,32,0
16,62,1,22,128,0
13,16,1,8,340,0
10,60,0,20,462,0
12,12,0,27,488,0
14,102,1,23,437,0
18,106,1,12,470,0
9,90,0,19,264,0
17,108,1,5,414,0
15,54,1,24,389,0
10,31,0,6,288,0
9,65,1,24,179,0
8,37,0,12,443,0
13,82,0,24,241,0
17,112,1,18,169,0
12,13,0,27,20,0
12,50,1,21,435,0
12,45,0,27,344,0
10,82,0,29,232,0
17,28,1,7,406,0
12,6,1,23,423,0
8,63,1,12,97,0
14,53,0,25,91,0
11,27,1,29,217,0
10,118,1,26,77,0
18,13,1,27,280,0
12,24,0,25,385,0
12,109,0,27,165,0
14,102,0,16,75,0
13,7,1,13,288,0
17,56,1,13,129,0
18,17,1,19,71,0
18,75,0,29,423,0
16,12,0,3,38,0
10,51,1,1,398,0
17,82,1,21,417,0
14,90,1,14,156,0
14,40,0,19,430,0
12,92,0,4,363,0
14,5,1,14,51,0
18,71,1,13,274,0
15,66,0,3,236,0
18,78,0,22,284,0
12,21,1,6,495,0
16,104,1,16,123,0
9,104,1,11,142,0
15,65,1,17,168,0
14,6,1,26,115,0
12,54,1,24,342,0
18,82,1,11,472,0
12,102,0,5,420,0
12,23,0,15,56,0
18,51,0,9,154,0
8,45,1,9,36,0
10,36,0,5,116,0
13,40,0,29,117,0
14,52,0,6,397,0
9,120,1,14,50,0
8,86,1,26,464,0
14,73,0,29,321,0
8,102,1,20,49,0
12,57,1,14,425,0
12,104,1,16,443,0
11,35,1,21,188,0
13,111,0,23,426,0
11,98,0,6,153,0
16,71,1,9,55,0
10,40,0,17,116,0
16,10,0,8,62,0
13,99,0,8,131,0
14,56,1,10,344,0
10,79,0,14,83,0
15,73,0,30,12,0
12,64,1,7,466,0
18,44,1,20,36,0
11,54,1,30,19,0
15,78,1,7,388,0
14,96,0,21,202,0
13,98,1,16,442,0
15,88,0,29,195,0
16,56,0,4,299,0
13,93,0,16,369,0
13,85,1,22,453,0
11,118,1,10,395,0
17,91,0,24,493,0
12,108,0,4,415,0
8,50,0,19,182,0
15,75,1,20,194,0
16,80,1,19,237,0
14,99,0,30,272,0
12,11,0,4,445,0
16,54,0,15,309,0
17,62,1,4,27,0
8,74,0,12,89,0
11,119,0,15,435,0
10,25,1,3,456,0
8,80,1,2,283,0
14,55,1,10,266,0
13,102,0,5,29,0
9,29,1,6,356,0
8,21,1,7,250,0
15,39,1,6,428,0
8,86,0,15,308,0
8,22,1,21,294,0
8,5,1,7,248,0
11,98,0,21,143,0
15,87,1,26,322,0
16,102,1,3,463,0
12,97,0,1,25,0
15,69,1,25,245,0
17,84,1,16,376,0
12,82,1,2,40,0
17,87,0,15,219,0
17,94,1,19,307,0
17,83,1,28,472,0
15,65,1,25,391,0
18,119,1,30,172,0
11,61,0,22,280,0
15,23,0,11,492,0
17,64,1,4,129,0
11,112,0,13,290,0
16,33,0,4,136,0
11,117,0,24,436,0
9,107,1,11,392,0
10,89,0,1,223,0
13,52,0,18,330,0
14,45,0,25,103,0
12,25,1,19,467,0
8,23,0,28,348,0
16,95,0,7,237,0
17,120,0,22,101,0
9,27,0,9,322,0
12,24,1,8,215,0
14,104,0,1,178,0
13,44,0,16,26,0
8,103,0,16,241,0
18,29,0,8,256,0
8,26,1,27,377,0
11,112,1,12,437,0
15,85,0,20,286,0
9,71,0,10,40,0
12,52,1,25,154,0
15,18,0,26,156,0
10,29,1,5,251,0
8,108,1,21,220,0
14,29,0,9,160,0
8,93,0,21,214,0
10,44,1,7,359,0
14,48,0,2,65,0
8,16,0,1,166,0
13,91,1,3,45,0
18,38,1,29,43,0
16,31,0,23,469,0
15,53,0,25,293,0
17,13,1,12,60,0
18,85,0,20,414,0
9,118,1,4,12,0
10,42,0,4,60,0
16,39,0,10,60,0
15,115,1,22,435,0
8,24,1,11,26,0
14,6,1,25,70,0
10,90,1,25,28,0
11,110,0,6,329,0
15,39,1,19,411,0
18,22,1,30,254,0
16,81,1,1,490,0
10,34,1,16,251,0
12,16,0,8,98,0
14,37,0,9,474,0
14,17,1,29,84,0
9,66,1,5,12,0
14,106,0,16,181,0
18,22,1,21,489,0
17,86,0,10,205,0
8,50,1,30,29,0
14,22,1,23,158,0
13,52,0,8,354,0
14,107,1,2,340,0
10,58,0,27,124,0
18,31,1,16,463,0
15,87,0,11,159,0
15,43,1,7,87,0
16,28,0,19,56,0
8,120,0,4,179,0
11,48,1,26,333,0
15,13,1,29,444,0
12,70,1,4,240,0
14,106,1,26,410,0
10,28,1,13,133,0
16,109,1,28,333,0
18,27,0,7,376,0
12,52,1,23,21,0
13,100,1,25,327,0
14,42,0,1,425,0
11,43,1,10,187,0
14,118,1,9,371,0
8,38,1,26,357,0
17,102,1,1,343,0
14,49,1,19,322,0
16,14,1,16,461,0
14,65,1,5,184,0
18,6,1,26,244,0
17,71,1,25,441,0
17,58,1,9,429,0
8,108,0,27,142,0
13,58,0,25,460,0
10,34,0,9,69,0
11,110,0,6,241,0
11,74,1,22,384,0
11,49,1,27,309,0
12,71,0,5,270,0
17,115,1,2,254,0
17,106,0,5,73,0
16,19,0,24,298,0
18,35,0,17,201,0
10,49,0,13,474,0
17,96,1,21,364,0
13,108,0,30,432,0
16,54,1,29,364,0
18,13,0,27,489,0
14,10,0,27,254,0
9,10,1,11,171,0
17,112,0,19,143,0
9,85,1,16,403,0
14,60,0,2,93,0
18,92,1,10,416,0
16,61,1,6,171,0
8,78,0,12,174,0
14,110,1,9,232,0
14,119,1,19,65,0
11,50,0,7,308,0
12,48,0,10,96,0
13,61,1,4,446,0
13,37,1,14,209,0
9,114,0,17,458,0
11,82,0,24,375,0
15,72,0,24,350,0
17,79,0,6,141,0
9,112,1,19,481,0
11,47,1,2,249,0
14,56,1,1,416,0
9,96,1,24,136,0
15,28,1,15,248,0
14,114,1,11,93,0
15,56,1,26,15,0
11,35,0,13,128,0
10,116,1,7,330,0
12,53,1,23,445,0
10,98,1,2,474,0
15,48,0,25,166,0
17,26,0,19,160,0
11,26,1,18,43,0
16,51,1,15,301,0
10,21,1,16,372,0
9,116,1,18,157,0
18,35,0,15,175,0
18,102,0,1,158,0
8,51,1,26,339,0
9,56,0,28,416,0
17,7,0,22,81,0
10,99,0,25,270,0
14,80,1,16,277,0
11,92,0,10,392,0
17,72,1,23,315,0
17,83,1,20,101,0
12,53,1,21,256,0
10,57,1,12,279,0
11,8,0,16,432,0
10,28,0,28,365,0
13,74,0,21,192,0
14,39,1,3,36,0
17,109,0,10,199,0
16,44,0,23,317,0
16,117,1,12,187,0
18,45,1,23,210,0
10,52,0,4,229,0
16,70,0,2,355,0
12,82,1,3,463,0
8,57,1,18,367,0
11,61,1,26,24,0
16,110,1,14,214,0
10,101,0,21,391,0
14,30,0,11,297,0
14,114,0,19,372,0
14,16,1,19,44,0
14,73,1,13,287,0
15,97,1,20,431,0
16,58,0,9,356,0
14,19,0,19,407,0
9,75,0,3,440,0
15,59,1,3,92,0
11,112,1,9,498,0
18,59,0,17,306,0
12,44,1,10,371,0
15,104,0,1,166,0
15,26,1,26,48,0
15,5,0,14,30,0
16,103,0,4,398,0
15,11,1,18,431,0
15,34,1,27,279,0
12,116,1,8,358,0
14,44,0,14,478,0
16,74,0,9,208,0
9,60,1,7,247,0
11,39,1,24,419,0
16,102,0,7,67,0
18,99,0,11,398,0
17,93,0,3,274,0
10,74,1,22,258,0
13,38,0,19,187,0
10,14,1,25,313,0
18,83,0,22,298,0
14,89,0,29,109,0
18,29,1,22,343,0
12,40,1,15,478,0
9,26,0,23,392,0
9,112,1,6,219,0
12,19,1,26,55,0
11,113,1,3,449,0
15,20,0,12,472,0
14,109,1,6,300,0
14,53,1,16,406,0
16,6,1,20,332,0
13,80,1,25,193,0
8,16,0,25,387,0
10,14,0,29,84,0
9,101,1,6,47,0
17,91,0,18,70,0
15,75,1,28,110,0
13,54,1,22,330,0
12,109,1,22,102,0
15,57,0,16,15,0
14,42,1,15,369,0
11,45,0,25,243,0
12,46,0,11,340,0
13,19,0,29,418,0
8,60,1,25,246,0
8,25,0,28,450,0
12,6,1,8,276,0
9,91,0,23,451,0
11,102,0,23,347,0
18,84,0,24,286,0
11,53,0,29,489,0
14,56,1,21,463,0
8,69,1,9,281,0
18,72,1,18,151,0
18,120,1,27,175,0
13,42,0,9,191,0
18,20,0,18,144,0
12,6,0,21,175,0
18,57,1,15,147,0
18,109,1,11,462,0
8,90,1,17,131,0
15,56,1,9,238,0
10,30,0,8,66,0
9,74,0,6,173,0
18,73,0,30,178,0
8,103,1,29,464,0
11,90,0,6,20,0
15,41,1,19,355,0
13,55,1,20,45,0
15,56,1,17,342,0
16,80,1,21,441,0
13,93,0,11,196,0
14,64,0,26,441,0
12,8,1,12,304,0
11,104,0,13,141,0
15,7,0,4,192,0
13,84,0,2,79,0
17,83,1,22,301,0
12,13,1,21,459,0
10,73,1,22,69,0
15,7,1,20,174,0
10,10,0,16,329,0
8,79,0,4,67,0
10,105,0,17,170,0
13,26,0,10,66,0
13,69,1,3,307,0
18,34,0,26,395,0
11,83,1,15,478,0
10,56,0,20,155,0
16,38,0,27,249,0
10,104,1,25,132,0
13,41,0,7,217,0
13,72,0,1,390,0
11,77,1,13,137,0
8,11,1,23,382,0
15,74,1,24,162,0
10,71,0,8,153,0
15,39,1,17,53,0
11,85,0,8,261,0
18,90,0,8,461,0
12,42,1,24,30,0
9,90,1,13,149,0
18,85,1,26,479,0
15,96,1,12,338,0
9,80,1,13,353,0
10,26,1,5,223,0
17,40,0,29,87,0
15,109,1,28,185,0
9,11,1,23,94,0
18,106,1,22,47,0
15,97,1,11,191,0
15,57,0,2,456,0
12,106,1,28,309,0
13,115,1,28,459,0
17,34,1,16,159,0
16,63,1,16,455,0
11,41,0,28,313,0
10,81,1,21,208,0
14,47,0,22,489,0
8,53,1,27,299,0
16,54,1,16,69,0
12,72,0,25,33,0
10,31,0,19,259,0
8,32,0,28,394,0
9,107,0,18,446,0
13,110,1,15,148,0
10,78,1,26,469,0
11,40,1,17,47,0
18,105,1,20,172,0
18,36,0,26,234,0
11,98,1,4,108,0
8,99,0,5,272,0
13,41,1,7,357,0
15,75,1,2,486,0
9,94,1,27,271,0
9,40,1,2,413,0
18,94,1,12,255,0
13,66,1,15,390,0
18,22,1,3,310,0
15,114,0,30,115,0
11,36,1,5,168,0
15,58,0,18,343,0
12,5,0,26,98,0
17,27,1,18,233,0
9,117,0,29,59,0
10,10,0,24,359,0
13,88,0,25,414,0
13,74,0,12,293,0
10,47,1,27,450,0
12,40,1,4,23,0
9,13,0,7,443,0
11,66,1,12,59,0
12,43,0,9,64,0
14,36,0,7,288,0
13,83,1,11,34,0
13,90,0,6,204,0
12,105,1,12,205,0
10,74,0,20,329,0
11,51,0,28,468,0
14,78,1,26,49,0
16,68,1,2,191,0
14,57,1,23,492,0
11,23,1,26,146,0
16,22,1,26,134,0
9,89,1,17,14,0
10,65,0,20,375,0
12,62,0,21,125,0
12,66,0,11,280,0
8,107,1,27,50,0
14,104,1,25,282,0
13,46,1,30,210,0
9,81,1,5,367,0
8,12,1,9,368,0
15,44,0,3,431,0
18,70,0,20,112,0
14,25,1,21,345,0
18,93,1,4,49,0
10,96,0,5,21,0
9,13,0,8,417,0
18,8,0,16,233,0
9,19,1,2,306,0
17,35,1,19,345,0
15,97,1,9,266,0
9,54,1,9,195,0
17,41,0,15,449,0
8,12,0,24,170,0
17,57,1,30,215,0
9,90,0,13,311,0
16,105,1,17,187,0
9,21,0,29,71,0
12,111,1,19,381,0
18,8,1,17,160,0
17,52,1,20,338,0
13,40,0,30,350,0
14,110,0,9,424,0
12,90,1,30,235,0
14,17,0,9,152,0
18,18,0,22,272,0
9,78,1,8,361,0
9,82,0,6,281,0
16,58,0,27,182,0
14,104,0,25,342,0
18,61,0,4,415,0
13,69,0,6,177,0
10,74,0,19,247,0
13,8,1,30,155,0
14,115,1,6,350,0
16,107,0,23,192,0
12,72,0,1,240,0
14,60,0,27,144,0
8,81,1,5,91,0
14,110,1,20,43,0
14,46,1,5,83,0
15,21,0,26,493,0
13,88,1,11,357,0
15,112,1,8,113,0
16,45,1,1,33,0
11,109,1,16,16,0
10,102,0,30,358,0
17,31,0,24,310,0
17,119,0,25,355,0
17,73,1,3,479,0
18,60,1,5,441,0
11,24,0,22,405,0
8,38,0,12,120,0
12,38,1,24,368,0
8,36,1,30,173,0
18,110,1,3,457,0
16,51,0,16,452,0
17,84,0,5,59,0
13,116,0,29,316,0
9,52,0,28,350,0
11,57,0,12,206,0
17,47,0,21,446,0
12,89,0,28,193,0
11,29,0,9,85,0
8,36,1,27,358,0
14,68,0,21,75,0
16,57,0,13,322,0
10,109,1,25,458,0
11,90,0,26,449,0
12,79,1,10,457,0
10,40,1,24,297,0
14,19,1,22,229,0
16,17,0,17,204,0
8,65,0,11,417,0
14,8,1,6,216,0
13,66,1,23,406,0
18,19,0,27,492,0
10,17,0,16,78,0
8,15,1,9,125,0
8,44,1,3,23,0
16,29,1,17,447,0
18,34,1,18,21,0
15,51,1,21,401,0
14,49,0,26,442,0
13,59,0,9,243,0
14,111,1,30,341,0
10,20,0,17,189,0
17,22,0,24,163,0
13,106,0,27,393,0
13,26,0,28,450,0
14,72,0,13,457,0
18,33,1,7,122,0
8,11,0,11,134,0
16,16,0,1,189,0
12,34,1,13,310,0
16,61,1,1,194,0
12,110,0,15,85,0
13,46,1,11,303,0
18,107,0,10,267,0
12,53,0,27,473,0
8,36,1,24,469,0
10,44,1,13,387,0
12,20,0,12,136,0
18,93,0,5,119,0
14,30,1,9,306,0
14,106,1,20,113,0
15,54,1,7,72,0
9,59,1,28,43,0
10,82,0,29,20,0
12,90,0,21,232,0
12,47,0,12,90,0
18,50,1,10,438,0
9,28,0,17,341,0
9,22,1,20,45,0
10,39,0,2,425,0
10,111,1,21,64,0
10,64,0,4,225,0
12,26,0,18,12,0
10,80,1,9,28,0
13,78,1,8,499,0
8,68,0,6,301,0
13,6,0,3,23,0
8,118,1,26,245,0
13,74,0,13,65,0
14,31,1,24,19,0
13,28,1,15,474,0
15,76,0,26,492,0
9,52,1,12,37,0
14,84,1,7,40,0
17,97,1,16,62,0
18,56,0,18,334,0
16,60,0,25,413,0
11,74,1,4,392,0
14,39,1,9,49,0
15,45,1,27,295,0
14,22,0,25,141,0
16,78,1,14,166,0
15,29,1,8,143,0
17,24,1,28,418,0
18,5,1,21,66,0
18,5,0,10,283,0
16,45,1,15,477,0
15,57,0,28,399,0
16,9,0,6,36,0
10,116,0,18,109,0
18,7,1,7,264,0
10,51,0,18,87,0
17,78,1,2,353,0
18,76,0,11,312,0
9,75,1,5,183,0
13,37,0,24,52,0
18,94,1,8,306,0
10,59,0,26,487,0
9,45,1,24,296,0
9,111,1,2,100,0
14,98,1,5,61,0
13,103,1,29,279,0
16,52,1,29,479,0
17,90,1,22,101,0
9,98,0,29,140,0
11,85,1,15,223,0
17,116,1,27,474,0
13,15,1,22,111,0
17,80,0,13,26,0
17,56,0,2,439,0
13,96,1,2,471,0
12,79,1,15,445,0
18,11,1,22,157,0
17,87,1,20,143,0
15,57,0,3,249,0
13,48,1,2,40,0
17,89,1,22,113,0
17,74,0,22,463,0
15,70,1,9,148,0
11,12,1,3,382,0
13,106,0,13,310,0
12,48,1,8,446,0
10,112,1,7,486,0
18,100,0,23,25,0
8,9,0,5,391,0
12,49,0,12,59,0
9,67,1,16,423,0
18,14,1,18,258,0
15,86,0,15,388,0
11,81,0,5,41,0
10,54,1,4,21,0
10,107,1,5,117,0
14,43,0,22,408,0
16,37,1,21,175,0
17,34,1,3,366,0
16,103,1,30,413,0
16,96,0,29,207,0
13,7,0,2,285,0
10,64,1,9,416,0
8,108,1,22,298,0
13,120,0,3,493,0
9,99,0,17,306,0
15,29,0,22,264,0
10,11,0,8,210,0
11,76,1,11,288,0
8,95,1,25,437,0
11,74,0,10,94,0
13,34,1,17,305,0
8,50,0,19,63,0
9,26,0,9,47,0
18,33,1,15,488,0
8,30,0,3,404,0
12,97,0,30,396,0
17,98,0,26,461,0
18,7,1,12,82,0
8,77,0,23,363,0
16,12,1,19,463,0
14,38,1,20,379,0
10,44,0,4,322,0
15,97,0,26,23,0
12,101,1,7,40,0
11,14,0,23,392,0
8,91,1,16,453,0
11,71,1,30,308,0
14,9,1,3,440,0
9,85,0,29,79,0
9,57,0,13,115,0
9,56,1,13,149,0
10,104,1,22,176,0
14,93,1,22,45,0
11,13,1,24,102,0
11,116,0,9,456,0
11,120,1,6,323,0
18,75,1,26,16,0
9,105,0,30,407,0
13,10,0,8,490,0
11,26,1,13,479,0
9,111,1,13,49,0
8,91,1,5,31,0
9,89,1,21,464,0
18,44,1,27,359,0
18,28,0,20,353,0
16,33,0,27,471,0
16,34,0,19,238,0
16,74,1,3,39,0
14,9,1,16,60,0
11,59,1,21,234,0
18,22,1,17,221,0
13,84,0,6,155,0
11,32,0,14,427,0
10,109,0,29,413,0
8,30,1,21,81,0
13,48,1,10,277,0
9,97,1,4,435,0
17,49,1,25,419,0
12,36,1,24,19,0
11,23,1,18,470,0
13,102,0,6,223,0
18,11,0,22,396,0
13,101,0,25,398,0
15,34,1,5,15,0
11,93,0,13,287,0
15,6,0,28,348,0
13,109,1,30,207,0
10,118,1,25,73,0
9,33,1,24,469,0
9,88,0,25,328,0
11,119,0,3,392,0
14,50,0,9,310,0
8,23,1,11,143,0
8,17,0,22,429,0
8,20,1,13,204,0
11,20,1,13,276,0
13,96,1,1,409,0
11,62,1,21,157,0
12,37,1,28,25,0
12,79,0,4,117,0
17,11,1,29,372,0
17,55,0,1,278,0
17,10,0,11,410,0
11,110,1,3,353,0
9,119,1,11,172,0
8,42,1,29,406,0
15,99,1,3,115,0
15,53,0,2,195,0
15,67,1,29,291,0
9,73,0,19,98,0
15,66,1,27,466,0
17,12,0,5,85,0
14,53,1,23,390,0
15,13,0,1,467,0
15,76,1,29,135,0
18,91,0,10,41,0
18,85,1,3,181,0
10,101,0,20,159,0
16,15,1,14,296,0
13,119,0,1,150,0
15,28,1,13,438,0
9,87,0,24,287,0
18,60,0,27,272,0
11,42,0,1,35,0
8,118,1,5,480,0
16,9,0,1,441,0
8,100,1,19,72,0
10,90,1,4,429,0
15,11,1,29,145,0
14,106,1,11,454,0
10,80,0,21,373,0
14,118,1,24,182,0
15,15,1,18,396,0
14,71,1,30,261,0
17,89,1,14,165,0
17,31,0,27,282,0
17,52,1,8,496,0
11,24,1,13,261,0
2,450,7,780,9616,1
3,388,15,441,8200,1
5,819,5,550,16527,1
1,952,13,885,6436,1
1,552,11,431,7983,1
3,648,10,354,17775,1
3,707,14,235,8436,1
3,744,14,883,17301,1
5,885,6,190,15712,1
3,480,11,764,12542,1
1,462,4,462,7674,1
1,406,4,143,5330,1
3,312,9,939,9855,1
4,671,8,661,14330,1
1,978,6,911,10261,1
1,661,9,492,15930,1
4,373,8,648,14359,1
23,503,10,773,11466,1
5,484,6,642,14689,1
1,946,14,385,12080,1
23,446,8,395,6792,1
4,521,8,452,6043,1
2,370,12,572,5661,1
3,788,13,262,8852,1
23,689,11,479,14932,1
5,731,11,141,10870,1
1,988,12,267,8413,1
1,842,6,880,8206,1
23,432,4,514,15073,1
23,515,6,605,12344,1
4,380,15,287,10234,1
2,606,11,261,16033,1
23,327,8,354,15259,1
4,404,8,518,7769,1
5,811,11,608,10576,1
5,302,5,349,17176,1
5,576,8,633,16948,1
23,726,12,274,11347,1
23,664,15,896,14939,1
23,983,7,886,18339,1
3,879,11,485,5805,1
1,931,13,239,13256,1
4,914,10,863,6631,1
3,347,4,348,17512,1
23,414,12,575,9230,1
4,740,4,141,19045,1
1,903,8,831,14206,1
5,847,6,345,12972,1
5,838,14,492,14205,1
1,853,10,487,16029,1
4,494,9,857,16024,1
5,550,15,256,6364,1
5,423,5,881,5218,1
5,591,14,629,6393,1
5,345,9,880,5473,1
2,874,12,179,7833,1
1,796,11,437,16682,1
3,306,12,523,18048,1
2,924,14,927,6519,1
3,962,4,606,18814,1
3,372,14,146,6268,1
23,363,8,209,9216,1
1,887,12,800,12513,1
2,601,6,254,9205,1
23,432,10,261,14786,1
4,530,6,932,6319,1
4,700,6,647,16938,1
4,369,13,847,7741,1
5,586,7,541,9997,1
23,404,10,615,6756,1
3,697,10,187,17770,1
3,786,15,815,7636,1
23,342,14,580,9617,1
23,537,9,584,15285,1
3,551,8,740,18469,1
1,757,13,190,12730,1
3,656,9,721,12709,1
3,822,10,651,10283,1
23,665,10,197,19948,1
2,824,5,675,11653,1
3,498,13,561,12053,1
4,740,4,753,18310,1
1,385,9,431,7174,1
3,672,13,188,18720,1
2,736,6,455,9207,1
4,927,8,523,6174,1
2,930,7,534,12491,1
3,538,4,294,15415,1
3,908,15,671,18542,1
3,904,11,527,17324,1
3,582,4,712,7735,1
5,717,9,615,12957,1
5,446,8,379,14345,1
1,379,6,972,16199,1
23,738,15,458,12295,1
3,812,4,503,12836,1
4,941,12,605,9816,1
23,976,15,483,10351,1
23,767,15,985,7949,1
5,841,12,672,18122,1
23,711,15,454,9069,1
1,448,8,538,5100,1
23,607,7,772,16921,1
23,779,6,387,14105,1
23,635,11,419,18336,1
1,415,11,811,7733,1
4,974,15,549,19027,1
3,310,15,221,11203,1
3,444,9,860,19610,1
1,481,8,513,5677,1
2,414,15,758,8588,1
2,431,8,246,6478,1
5,688,6,983,8964,1
2,317,10,535,7473,1
3,613,5,936,14956,1
1,382,5,893,16046,1
1,922,4,816,13932,1
4,336,9,465,19912,1
4,992,10,826,19302,1
5,868,8,800,12911,1
5,879,4,685,16984,1
5,544,11,363,16027,1
3,457,5,427,6457,1
4,744,8,803,5675,1
5,498,15,477,10661,1
1,727,14,645,15019,1
2,913,10,851,7769,1
5,888,6,845,12858,1
1,687,13,120,5001,1
23,590,13,321,18174,1
4,327,5,401,12571,1
5,563,13,635,11377,1
23,954,8,533,9160,1
4,952,11,562,16719,1
3,730,5,634,16663,1
4,406,11,105,13044,1
23,350,11,947,5513,1
5,685,8,999,8780,1
5,702,10,677,10252,1
2,842,5,539,5500,1
2,303,6,661,18793,1
23,932,5,423,10965,1
5,574,15,316,9196,1
2,943,10,792,12026,1
23,551,12,231,7393,1
5,828,14,764,13398,1
5,958,14,992,11330,1
3,955,14,264,6797,1
5,995,8,993,6186,1
4,657,6,462,15370,1
2,397,13,526,13876,1
23,909,12,324,7085,1
2,420,10,113,19960,1
3,850,13,212,14454,1
3,743,11,233,16595,1
4,698,4,394,7701,1
5,865,5,990,14896,1
5,440,4,723,10401,1
3,625,6,560,9159,1
2,389,10,225,18922,1
4,300,15,418,13205,1
5,812,7,111,5720,1
5,882,10,243,16431,1
4,767,4,362,16990,1
2,984,7,303,7865,1
5,446,11,354,15423,1
5,604,14,909,18946,1
2,436,8,334,9745,1
5,370,15,475,10430,1
4,538,4,149,16568,1
4,526,6,108,6110,1
2,855,14,685,5157,1
5,429,15,985,14422,1
5,725,15,859,19907,1
3,896,5,247,16977,1
1,396,7,639,6320,1
4,890,11,515,13081,1
4,423,10,548,10884,1
1,403,12,157,13866,1
4,682,7,604,17959,1
3,455,4,150,5361,1
4,996,6,553,6907,1
5,518,6,931,12975,1
4,817,7,170,19141,1
1,450,10,144,18998,1
2,779,10,223,8557,1
4,831,10,578,10695,1
2,711,7,353,9973,1
1,521,7,537,6950,1
3,345,9,964,12312,1
23,665,5,789,12598,1
2,691,13,860,17899,1
4,617,5,493,19568,1
1,354,9,259,5975,1
1,957,9,104,18897,1
2,929,15,416,14378,1
5,420,4,407,14063,1
3,592,9,350,15112,1
1,915,12,987,9997,1
1,970,12,329,15475,1
4,772,13,987,13265,1
23,439,11,409,16830,1
2,549,8,835,15338,1
4,758,14,339,16361,1
3,423,12,148,6977,1
5,605,5,257,5183,1
3,864,10,321,10575,1
23,343,10,206,6653,1
1,803,7,359,5729,1
1,619,11,560,19692,1
5,394,10,124,6872,1
23,409,7,352,6411,1
23,794,9,491,13441,1
3,462,10,213,9279,1
2,953,13,726,7521,1
5,634,10,786,19499,1
3,929,7,549,16074,1
3,577,13,367,17121,1
5,517,10,620,15880,1
4,886,8,885,10546,1
1,998,13,494,10487,1
2,555,4,226,6311,1
23,674,11,204,19033,1
1,890,11,489,14902,1
5,879,8,213,13282,1
4,948,8,927,17829,1
5,781,13,472,7234,1
2,394,15,712,15913,1
1,911,14,145,12741,1
23,726,9,309,5461,1
1,822,7,645,8050,1
23,917,10,717,11235,1
2,557,12,952,15318,1
2,952,11,601,19158,1
5,758,11,296,9092,1
3,920,6,116,13619,1
1,745,12,517,9349,1
4,871,4,683,17054,1
1,596,7,237,10553,1
1,849,10,422,14077,1
4,749,7,652,12923,1
1,936,8,938,9370,1
1,512,9,496,12602,1
2,572,5,719,10636,1
1,945,14,233,12892,1
2,547,7,441,19980,1
3,834,14,337,11135,1
1,797,7,774,7228,1
3,775,13,548,11032,1
5,941,13,939,10223,1
2,844,13,791,13006,1
3,759,11,627,8933,1
3,508,12,783,10946,1
4,508,5,181,19950,1
3,382,12,770,11447,1
4,681,7,730,15493,1
2,550,9,848,7780,1
3,410,14,991,17492,1
4,929,10,434,10131,1
2,925,15,635,13622,1
3,961,8,872,19767,1
1,811,12,647,17950,1
2,778,10,567,9258,1
5,630,9,768,16442,1
5,723,13,206,5473,1
5,868,10,934,7767,1
5,816,5,458,15997,1
5,641,10,180,14858,1
23,473,12,421,18533,1
4,860,5,618,5120,1
4,599,7,726,12800,1
2,770,12,612,14598,1
4,303,13,303,13322,1
5,869,4,987,6648,1
3,558,5,196,8226,1
4,320,15,815,7034,1
3,332,10,627,14350,1
3,644,7,865,5313,1
1,969,14,256,12558,1
4,595,6,569,14138,1
2,737,14,552,9510,1
3,585,12,265,19191,1
3,846,10,557,6889,1
23,617,15,310,7729,1
3,425,7,919,18087,1
3,926,5,275,14092,1
1,879,9,685,7467,1
5,662,6,798,10033,1
23,856,9,646,10749,1
5,603,6,290,13628,1
1,448,14,741,11386,1
5,825,11,824,10854,1
23,808,15,589,10040,1
4,400,5,102,9540,1
2,577,12,312,19771,1
3,704,9,341,17754,1
5,338,8,247,13224,1
2,986,7,465,19120,1
5,300,14,611,12167,1
1,999,14,480,6024,1
3,652,6,278,16259,1
5,327,10,368,5478,1
5,543,13,555,16232,1
2,392,10,649,14253,1
4,865,6,140,14893,1
2,834,14,703,16218,1
23,535,14,563,14010,1
4,922,6,284,7836,1
2,954,11,850,8108,1
4,676,5,638,7224,1
2,873,15,322,18853,1
2,653,13,524,9578,1
2,927,8,980,7038,1
3,815,13,945,6254,1
23,324,10,653,12838,1
2,821,7,224,6117,1
1,401,10,590,19523,1
5,792,11,900,9514,1
23,679,10,263,6987,1
2,382,13,475,7975,1
5,395,6,397,14918,1
2,740,15,662,18675,1
3,301,15,150,9745,1
4,335,4,147,16666,1
3,543,9,268,15362,1
3,910,7,302,9844,1
5,882,14,608,19489,1
3,522,7,476,17260,1
2,835,14,949,9097,1
3,599,15,352,6224,1
23,909,15,930,19644,1
3,458,14,385,16705,1
2,952,12,173,10952,1
3,478,5,457,16419,1
5,708,4,891,6723,1
1,393,8,883,11935,1
23,354,7,508,19623,1
23,926,12,803,7251,1
3,925,13,946,17914,1
5,672,9,345,15536,1
5,999,12,259,13931,1
2,442,7,754,12177,1
23,963,8,490,18370,1
4,826,9,265,19777,1
2,498,5,834,19990,1
23,729,13,742,16699,1
4,812,12,924,14912,1
1,894,12,729,18205,1
3,647,8,502,11639,1
1,512,15,897,9046,1
2,601,8,609,18708,1
3,970,7,900,11564,1
1,673,4,812,18991,1
2,762,15,547,17020,1
3,892,11,267,13936,1
5,659,5,394,5615,1
2,984,11,837,14601,1
23,608,7,791,19812,1
5,690,7,552,17653,1
2,568,6,657,17065,1
1,773,12,473,13494,1
2,912,7,879,17014,1
23,665,9,530,8999,1
1,983,15,906,14045,1
4,745,11,421,7071,1
23,595,13,213,8095,1
4,965,7,111,8733,1
5,632,7,687,14498,1
4,329,12,726,11618,1
1,840,5,155,7314,1
1,414,9,593,18166,1
3,971,14,803,7000,1
4,543,7,975,17984,1
23,314,13,812,10956,1
5,764,14,583,16345,1
23,808,4,682,15962,1
1,930,12,241,17310,1
2,927,4,897,6921,1
1,824,5,322,18968,1
2,434,11,909,5764,1
2,582,6,897,8887,1
2,733,7,910,13192,1
5,999,11,895,18883,1
23,917,15,254,8651,1
4,493,10,441,7807,1
1,534,15,167,12472,1
4,984,15,599,10611,1
1,711,13,724,17021,1
4,588,6,512,11965,1
23,997,8,867,9064,1
5,991,9,225,13971,1
2,337,6,791,11685,1
1,593,9,988,17814,1
23,339,15,660,13536,1
23,572,9,852,5189,1
4,975,12,460,13023,1
4,975,4,918,9726,1
3,756,11,604,16532,1
5,317,10,548,13090,1
2,810,10,150,17538,1
1,646,8,699,18280,1
4,782,9,125,7552,1
2,722,10,894,5883,1
23,464,15,203,8170,1
5,459,15,123,16647,1
5,314,12,123,10367,1
2,688,8,571,18754,1
3,859,8,794,8204,1
2,430,10,446,15037,1
4,761,7,275,14866,1
4,566,10,648,10422,1
4,371,15,752,5592,1
2,333,7,361,14831,1
2,814,9,837,19814,1
1,765,12,908,13810,1
2,507,8,114,12117,1
2,894,14,951,16749,1
23,603,12,151,14750,1
4,541,10,874,13679,1
2,791,14,122,5685,1
1,891,11,734,17949,1
5,636,6,848,11924,1
2,383,13,773,16584,1
23,524,13,705,5410,1
23,860,15,881,19542,1
4,638,8,378,15478,1
4,659,4,663,18517,1
1,926,9,755,14493,1
3,394,5,660,19234,1
23,663,9,992,18212,1
1,490,4,452,7767,1
23,415,9,807,10372,1
4,524,8,428,17462,1
2,383,9,817,19595,1
2,932,8,539,12260,1
2,366,10,721,13632,1
4,763,9,187,18383,1
23,590,13,542,7967,1
4,369,8,461,17845,1
2,910,15,799,11141,1
1,516,11,809,11151,1
1,588,12,205,16781,1
4,792,8,454,15591,1
4,1000,8,461,16195,1
5,624,8,623,10645,1
1,561,10,437,12111,1
2,559,4,491,14057,1
2,386,8,422,11462,1
2,453,14,469,16035,1
1,607,7,423,7948,1
23,663,6,906,12750,1
1,431,12,426,13023,1
3,987,10,368,17195,1
4,588,8,662,15465,1
3,726,11,862,9362,1
4,954,4,991,12331,1
1,611,11,944,12404,1
1,362,5,309,6277,1
4,692,4,894,13842,1
1,426,10,802,14963,1
1,485,11,579,18067,1
4,816,4,971,16944,1
23,891,7,547,11192,1
5,691,14,527,10003,1
3,622,14,843,14356,1
1,889,12,166,19023,1
4,571,9,172,11702,1
3,679,13,341,13469,1
2,509,15,735,7813,1
5,838,10,338,17731,1
4,372,11,805,11158,1
1,365,5,427,16451,1
3,786,14,134,7940,1
4,623,6,755,6259,1
2,922,10,974,7308,1
23,736,15,190,18772,1
2,692,12,307,8741,1
23,303,9,529,5060,1
1,638,13,598,13038,1
5,504,7,909,15546,1
5,833,11,579,12039,1
5,773,9,819,11919,1
1,842,7,215,17021,1
2,350,13,697,11960,1
4,381,14,294,18514,1
4,512,15,690,16770,1
4,781,5,414,15129,1
2,311,8,690,7432,1
2,763,11,427,5539,1
4,831,5,404,9065,1
5,324,4,735,10856,1
3,863,9,743,13127,1
3,407,11,914,14889,1
2,619,14,555,9493,1
2,377,12,822,13578,1
5,873,9,232,17118,1
5,754,14,253,15774,1
4,780,14,560,12832,1
5,303,4,880,19777,1
4,404,5,228,7624,1
